,PlayerIDSID,PlayerFirstName,PlayerLastName,PlayerNumber,P,TeamIDSID,TeamName,TeamNameAbbreviation,TeamShortName,GP,Poss,Time,Points,FGA,FGM,PPP,WorsePPP,BetterPPP,PossG,PPG,FGAG,FGMG,FGmG,FGm,FG,aFG,FT,TO,SF,PlusOne,Score
0,202704,Reggie,Jackson,1,G,1610612765,Detroit Pistons,DET,Detroit,41,486,56.70940017700195,422,392,172,0.8683130145072937,166,59,11.853658536585366,10.292682926829269,9.560975609756097,4.195121951219512,5.365853658536585,220,43.87755102040816,46.55612244897959,8.024691358024691,13.580246913580247,7.407407407407407,2.263374485596708,41.1522633744856
1,203081,Damian,Lillard,0,G,1610612757,Portland Trail Blazers,POR,Portland,37,398,42.2056999206543,360,308,127,0.9045230150222778,184,41,10.756756756756756,9.72972972972973,8.324324324324325,3.4324324324324325,4.891891891891892,181,41.23376623376623,47.24025974025974,10.552763819095478,14.07035175879397,9.296482412060302,2.2613065326633164,40.20100502512563
2,201566,Russell,Westbrook,0,G,1610612760,Oklahoma City Thunder,OKC,OklahomaCity,43,413,36.71110153198242,347,286,122,0.8401939868927002,150,75,9.604651162790697,8.069767441860465,6.651162790697675,2.8372093023255816,3.813953488372093,164,42.65734265734266,46.85314685314685,13.075060532687651,19.612590799031477,10.895883777239709,1.937046004842615,40.43583535108959
3,202689,Kemba,Walker,15,G,1610612766,Charlotte Hornets,CHA,Charlotte,41,382,45.91350173950195,332,301,129,0.8691099882125854,167,58,9.317073170731707,8.097560975609756,7.341463414634147,3.1463414634146343,4.195121951219512,172,42.857142857142854,46.179401993355484,9.424083769633508,12.303664921465968,6.544502617801047,0.5235602094240838,41.8848167539267
4,101108,Chris,Paul,3,G,1610612746,Los Angeles Clippers,LAC,LAClippers,36,354,51.8302001953125,310,281,128,0.8757060170173645,170,55,9.833333333333334,8.61111111111111,7.805555555555555,3.5555555555555554,4.25,153,45.55160142348755,48.39857651245551,7.062146892655368,14.971751412429379,3.1073446327683616,1.4124293785310735,41.52542372881356
5,203468,CJ,McCollum,3,G,1610612757,Portland Trail Blazers,POR,Portland,42,330,36.66669845581055,308,274,125,0.9333329796791077,194,31,7.857142857142857,7.333333333333333,6.523809523809524,2.9761904761904763,3.5476190476190474,149,45.62043795620438,50.18248175182482,6.666666666666667,12.121212121212121,5.757575757575758,1.8181818181818181,42.72727272727273
6,201939,Stephen,Curry,30,G,1610612744,Golden State Warriors,GSW,GoldenState,40,254,25.27359962463379,284,199,100,1.118109941482544,220,5,6.35,7.1,4.975,2.5,2.4749999999999996,99,50.25125628140704,61.55778894472362,9.448818897637794,14.960629921259843,7.874015748031496,3.1496062992125986,45.669291338582674
7,201942,DeMar,DeRozan,10,G,1610612761,Toronto Raptors,TOR,Toronto,41,279,29.123199462890625,275,207,101,0.9856629967689514,207,18,6.804878048780488,6.7073170731707314,5.048780487804878,2.4634146341463414,2.5853658536585367,106,48.792270531400966,49.033816425120776,16.487455197132615,12.903225806451612,13.978494623655914,3.5842293906810037,48.74551971326165
8,202688,Brandon,Knight,3,G,1610612756,Phoenix Suns,PHX,Phoenix,42,382,41.20819854736328,273,291,107,0.7146599888801575,86,139,9.095238095238095,6.5,6.928571428571429,2.5476190476190474,4.380952380952381,184,36.76975945017182,40.034364261168385,6.544502617801047,18.32460732984293,5.2356020942408374,1.0471204188481675,33.246073298429316
9,202322,John,Wall,2,G,1610612764,Washington Wizards,WAS,Washington,40,390,41.57780075073242,273,297,118,0.699999988079071,79,145,9.75,6.825,7.425,2.95,4.475,179,39.73063973063973,41.41414141414141,4.871794871794871,20.0,4.358974358974359,1.0256410256410255,34.1025641025641
10,201935,James,Harden,13,G,1610612745,Houston Rockets,HOU,Houston,43,298,24.62809944152832,272,179,80,0.9127519726753235,187,38,6.930232558139535,6.325581395348837,4.162790697674419,1.8604651162790697,2.3023255813953494,99,44.6927374301676,48.60335195530726,17.78523489932886,23.48993288590604,15.100671140939598,1.6778523489932886,42.95302013422819
11,101150,Louis,Williams,23,G,1610612747,Los Angeles Lakers,LAL,LALakers,41,264,42.996700286865234,255,179,71,0.9659090042114258,200,25,6.439024390243903,6.219512195121951,4.365853658536586,1.7317073170731707,2.634146341463415,108,39.66480446927374,45.25139664804469,21.59090909090909,12.878787878787879,20.833333333333332,2.272727272727273,45.833333333333336
12,202339,Eric,Bledsoe,2,G,1610612756,Phoenix Suns,PHX,Phoenix,31,259,38.200599670410156,252,190,91,0.9729729890823364,206,19,8.35483870967742,8.129032258064516,6.129032258064516,2.935483870967742,3.193548387096774,99,47.89473684210526,52.63157894736842,11.196911196911197,17.76061776061776,9.652509652509652,2.3166023166023164,44.01544401544402
13,202738,Isaiah,Thomas,4,G,1610612738,Boston Celtics,BOS,Boston,42,294,31.612899780273438,252,213,83,0.857142984867096,159,65,7.0,6.0,5.071428571428571,1.9761904761904763,3.095238095238095,130,38.967136150234744,42.01877934272301,14.285714285714286,14.285714285714286,9.183673469387756,1.0204081632653061,41.49659863945578
14,2225,Tony,Parker,9,G,1610612759,San Antonio Spurs,SAS,SanAntonio,39,251,50.50299835205078,250,200,111,0.9960160255432129,208,17,6.435897435897436,6.410256410256411,5.128205128205129,2.8461538461538463,2.2820512820512824,89,55.5,55.75,6.374501992031872,14.342629482071713,4.780876494023905,0.398406374501992,49.800796812749006
15,2548,Dwyane,Wade,3,G,1610612748,Miami Heat,MIA,Miami,40,296,36.679100036621094,240,229,94,0.8108109831809998,140,84,7.4,6.0,5.725,2.35,3.3749999999999996,135,41.048034934497814,41.26637554585153,10.81081081081081,12.837837837837839,9.45945945945946,1.0135135135135136,41.554054054054056
16,200768,Kyle,Lowry,7,G,1610612761,Toronto Raptors,TOR,Toronto,41,298,34.292301177978516,236,219,83,0.7919459939002991,129,96,7.2682926829268295,5.7560975609756095,5.341463414634147,2.024390243902439,3.3170731707317076,136,37.89954337899543,42.694063926940636,10.06711409395973,17.78523489932886,8.389261744966444,1.342281879194631,36.241610738255034
17,202710,Jimmy,Butler,21,G-F,1610612741,Chicago Bulls,CHI,Chicago,40,267,30.654399871826172,234,194,75,0.8764050006866455,171,54,6.675,5.85,4.85,1.875,2.9749999999999996,119,38.65979381443299,41.23711340206186,17.228464419475657,12.359550561797754,15.730337078651685,2.247191011235955,42.69662921348315
18,201950,Jrue,Holiday,11,G,1610612740,New Orleans Pelicans,NOP,NewOrleans,35,256,49.13629913330078,228,209,91,0.890625,179,46,7.314285714285714,6.514285714285714,5.9714285714285715,2.6,3.3714285714285714,118,43.54066985645933,47.60765550239235,8.203125,12.5,7.03125,2.34375,41.40625
19,201565,Derrick,Rose,1,G,1610612741,Chicago Bulls,CHI,Chicago,34,295,45.66559982299805,225,244,99,0.7627120018005371,110,115,8.676470588235293,6.617647058823529,7.176470588235294,2.911764705882353,4.264705882352942,145,40.57377049180328,40.778688524590166,7.796610169491525,12.542372881355933,7.11864406779661,3.0508474576271185,37.96610169491525
20,203903,Jordan ,Clarkson,6,G,1610612747,Los Angeles Lakers,LAL,LALakers,41,261,37.99129867553711,222,210,94,0.8505749702453613,153,72,6.365853658536586,5.414634146341464,5.121951219512195,2.292682926829268,2.829268292682927,116,44.76190476190476,45.0,9.195402298850574,11.494252873563218,8.42911877394636,1.5325670498084292,43.67816091954023
21,101145,Monta,Ellis,11,G,1610612754,Indiana Pacers,IND,Indiana,42,267,38.472599029541016,208,211,89,0.7790259718894958,123,102,6.357142857142857,4.9523809523809526,5.023809523809524,2.119047619047619,2.9047619047619047,122,42.18009478672986,44.312796208530806,6.367041198501872,16.10486891385768,4.868913857677903,1.4981273408239701,37.453183520599254
22,203471,Dennis,Schroder,17,G,1610612737,Atlanta Hawks,ATL,Atlanta,40,283,56.26240158081055,206,212,79,0.7279149889945984,97,128,7.075,5.15,5.3,1.975,3.3249999999999997,133,37.264150943396224,39.62264150943396,8.480565371024735,16.96113074204947,7.420494699646643,0.35335689045936397,36.042402826855124
23,201952,Jeff,Teague,0,G,1610612737,Atlanta Hawks,ATL,Atlanta,39,263,41.15810012817383,204,193,73,0.7756649851799011,118,107,6.743589743589744,5.230769230769231,4.948717948717949,1.8717948717948718,3.076923076923077,120,37.82383419689119,40.15544041450777,11.787072243346008,16.34980988593156,11.787072243346008,1.9011406844106464,37.6425855513308
24,202331,Paul,George,13,F-G,1610612754,Indiana Pacers,IND,Indiana,42,231,22.1476993560791,201,174,74,0.8701300024986267,168,57,5.5,4.785714285714286,4.142857142857143,1.7619047619047619,2.3809523809523814,100,42.52873563218391,49.13793103448276,7.792207792207792,18.181818181818183,6.0606060606060606,1.2987012987012987,38.52813852813853
25,201144,Mike,Conley,11,G,1610612763,Memphis Grizzlies,MEM,Memphis,37,245,41.66669845581055,196,197,68,0.800000011920929,131,91,6.621621621621622,5.297297297297297,5.324324324324325,1.837837837837838,3.486486486486487,129,34.51776649746193,37.055837563451774,11.83673469387755,8.571428571428571,8.571428571428571,0.8163265306122449,38.775510204081634
26,200765,Rajon,Rondo,9,G,1610612758,Sacramento Kings,SAC,Sacramento,38,250,41.18619918823242,185,179,86,0.7400000095367432,103,122,6.578947368421052,4.868421052631579,4.7105263157894735,2.263157894736842,2.4473684210526314,93,48.04469273743017,49.16201117318436,4.8,24.8,3.6,1.2,36.8
27,101127,Jarrett,Jack,2,G,1610612751,Brooklyn Nets,BKN,Brooklyn,32,217,43.927101135253906,180,150,65,0.82949298620224,146,79,6.78125,5.625,4.6875,2.03125,2.65625,85,43.333333333333336,46.0,10.599078341013826,21.19815668202765,6.451612903225806,0.9216589861751152,39.63133640552996
28,200826,J.J.,Barea,5,G,1610612742,Dallas Mavericks,DAL,Dallas,37,204,50.0,178,153,67,0.8725489974021912,169,56,5.513513513513513,4.8108108108108105,4.135135135135135,1.8108108108108107,2.3243243243243246,86,43.790849673202615,50.98039215686274,6.862745098039215,20.098039215686274,5.882352941176471,1.9607843137254901,37.745098039215684
29,1626156,DAngelo ,Russell,1,G,1610612747,Los Angeles Lakers,LAL,LALakers,41,242,40.5359992980957,171,180,69,0.7066119909286499,82,143,5.902439024390244,4.170731707317073,4.390243902439025,1.6829268292682926,2.7073170731707323,111,38.333333333333336,41.94444444444444,6.6115702479338845,19.834710743801654,5.785123966942149,0.8264462809917356,34.29752066115702
30,203504,Trey,Burke,3,G,1610612762,Utah Jazz,UTA,Utah,41,197,35.49549865722656,170,159,71,0.8629440069198608,163,62,4.804878048780488,4.146341463414634,3.8780487804878048,1.7317073170731707,2.1463414634146343,88,44.65408805031446,45.911949685534594,8.629441624365482,12.690355329949238,6.598984771573604,2.030456852791878,42.131979695431475
31,203897,Zach,LaVine,8,G,1610612750,Minnesota Timberwolves,MIN,Minnesota,43,223,37.0432014465332,169,189,71,0.7578480243682861,109,116,5.186046511627907,3.9302325581395348,4.395348837209302,1.6511627906976745,2.7441860465116275,118,37.56613756613756,40.21164021164021,4.932735426008969,10.31390134529148,4.484304932735426,0.8968609865470852,35.874439461883405
32,2544,LeBron,James,23,F,1610612739,Cleveland Cavaliers,CLE,Cleveland,38,210,21.943599700927734,168,166,66,0.800000011920929,131,91,5.526315789473684,4.421052631578948,4.368421052631579,1.736842105263158,2.631578947368421,100,39.75903614457831,41.86746987951807,8.571428571428571,12.857142857142858,8.571428571428571,1.4285714285714286,38.57142857142857
33,203506,Victor,Oladipo,5,G,1610612753,Orlando Magic,ORL,Orlando,37,215,37.197200775146484,167,159,66,0.77674400806427,120,105,5.8108108108108105,4.513513513513513,4.297297297297297,1.7837837837837838,2.5135135135135136,93,41.509433962264154,42.76729559748428,8.372093023255815,18.13953488372093,6.046511627906977,0.46511627906976744,38.604651162790695
34,202709,Cory,Joseph,6,G,1610612761,Toronto Raptors,TOR,Toronto,41,183,47.16490173339844,164,132,62,0.8961750268936157,181,44,4.463414634146342,4.0,3.2195121951219514,1.5121951219512195,1.707317073170732,70,46.96969696969697,46.96969696969697,14.754098360655737,13.66120218579235,12.021857923497267,0.546448087431694,48.08743169398907
35,201142,Kevin,Durant,35,F,1610612760,Oklahoma City Thunder,OKC,OklahomaCity,36,164,19.339599609375,159,116,55,0.9695119857788086,202,23,4.555555555555555,4.416666666666667,3.2222222222222223,1.5277777777777777,1.6944444444444446,61,47.41379310344828,52.58620689655172,12.804878048780488,20.73170731707317,12.195121951219512,4.2682926829268295,42.073170731707314
36,201569,Eric,Gordon,10,G,1610612740,New Orleans Pelicans,NOP,NewOrleans,41,166,27.07990074157715,157,118,54,0.9457830190658569,197,28,4.048780487804878,3.8292682926829267,2.8780487804878048,1.3170731707317074,1.5609756097560974,64,45.76271186440678,52.54237288135593,11.44578313253012,19.27710843373494,10.843373493975903,2.4096385542168677,41.566265060240966
37,201609,Goran,Dragic,7,G,1610612748,Miami Heat,MIA,Miami,37,194,37.307701110839844,149,142,63,0.7680410146713257,113,111,5.243243243243243,4.027027027027027,3.8378378378378377,1.7027027027027026,2.135135135135135,79,44.36619718309859,45.774647887323944,6.701030927835052,21.1340206185567,6.185567010309279,1.0309278350515463,38.144329896907216
38,202330,Gordon,Hayward,20,G-F,1610612762,Utah Jazz,UTA,Utah,41,194,23.45829963684082,149,129,46,0.7680410146713257,113,111,4.7317073170731705,3.6341463414634148,3.1463414634146343,1.1219512195121952,2.024390243902439,83,35.65891472868217,38.75968992248062,15.97938144329897,19.072164948453608,10.824742268041238,1.5463917525773196,38.144329896907216
39,202391,Jeremy,Lin,7,G,1610612766,Charlotte Hornets,CHA,Charlotte,39,168,32.68479919433594,144,121,51,0.857142984867096,159,65,4.3076923076923075,3.6923076923076925,3.1025641025641026,1.3076923076923077,1.794871794871795,70,42.14876033057851,46.28099173553719,13.095238095238095,17.261904761904763,8.333333333333334,2.380952380952381,41.07142857142857
40,101109,Raymond,Felton,2,G,1610612742,Dallas Mavericks,DAL,Dallas,43,192,41.37929916381836,142,142,57,0.7395830154418945,102,123,4.465116279069767,3.302325581395349,3.302325581395349,1.3255813953488371,1.9767441860465118,85,40.140845070422536,41.901408450704224,7.8125,18.75,6.25,0.5208333333333334,36.979166666666664
41,201596,Mario,Chalmers,6,G,1610612763,Memphis Grizzlies,MEM,Memphis,34,150,38.759700775146484,139,86,37,0.9266669750213623,190,35,4.411764705882353,4.088235294117647,2.5294117647058822,1.088235294117647,1.4411764705882353,49,43.02325581395349,45.93023255813954,26.0,19.333333333333332,20.0,2.6666666666666665,47.333333333333336
42,203918,Rodney,Hood,5,G-F,1610612762,Utah Jazz,UTA,Utah,39,156,28.571399688720703,138,117,50,0.8846150040626526,176,49,4.0,3.5384615384615383,3.0,1.2820512820512822,1.7179487179487178,67,42.73504273504273,47.43589743589744,10.897435897435898,16.025641025641026,10.256410256410257,1.9230769230769231,41.02564102564103
43,201937,Ricky,Rubio,9,G,1610612750,Minnesota Timberwolves,MIN,Minnesota,37,190,42.222198486328125,138,126,45,0.726315975189209,92,133,5.135135135135135,3.72972972972973,3.4054054054054053,1.2162162162162162,2.189189189189189,81,35.714285714285715,36.507936507936506,16.31578947368421,18.94736842105263,11.578947368421053,1.5789473684210527,37.89473684210526
44,101114,Deron,Williams,8,G,1610612742,Dallas Mavericks,DAL,Dallas,35,164,29.710100173950195,135,121,53,0.8231710195541382,143,82,4.685714285714286,3.857142857142857,3.4571428571428573,1.5142857142857142,1.942857142857143,68,43.80165289256198,45.86776859504132,8.536585365853659,18.29268292682927,6.7073170731707314,0.6097560975609756,40.24390243902439
45,201196,Ramon,Sessions,7,G,1610612764,Washington Wizards,WAS,Washington,40,142,35.06169891357422,133,102,46,0.9366199970245361,195,30,3.55,3.325,2.55,1.15,1.4,56,45.09803921568628,46.07843137254902,18.309859154929576,12.67605633802817,16.197183098591548,2.816901408450704,47.88732394366197
46,203487,Michael,Carter-Williams,5,G,1610612749,Milwaukee Bucks,MIL,Milwaukee,39,192,33.27560043334961,133,142,60,0.6927080154418945,77,148,4.923076923076923,3.41025641025641,3.641025641025641,1.5384615384615385,2.102564102564102,82,42.25352112676056,42.95774647887324,4.6875,22.395833333333332,5.208333333333333,1.5625,34.375
47,2037,Jamal,Crawford,11,G,1610612746,Los Angeles Clippers,LAC,LAClippers,41,168,30.324899673461914,131,133,47,0.7797620296478271,124,101,4.097560975609756,3.1951219512195124,3.2439024390243905,1.146341463414634,2.097560975609756,86,35.338345864661655,39.097744360902254,9.523809523809524,13.095238095238095,8.333333333333334,1.7857142857142858,35.714285714285715
48,203952,Andrew ,Wiggins,22,F,1610612750,Minnesota Timberwolves,MIN,Minnesota,42,162,17.252399444580078,130,119,42,0.80246901512146,135,90,3.857142857142857,3.0952380952380953,2.8333333333333335,1.0,1.8333333333333335,77,35.294117647058826,37.39495798319328,17.28395061728395,10.493827160493828,14.197530864197532,1.8518518518518519,40.74074074074074
49,201936,Tyreke,Evans,1,G,1610612740,New Orleans Pelicans,NOP,NewOrleans,22,142,37.07569885253906,122,106,45,0.859154999256134,161,64,6.454545454545454,5.545454545454546,4.818181818181818,2.0454545454545454,2.772727272727273,61,42.45283018867924,48.58490566037736,9.154929577464788,17.6056338028169,6.338028169014085,1.408450704225352,39.436619718309856
50,203521,Matthew,Dellavedova,8,G,1610612739,Cleveland Cavaliers,CLE,Cleveland,38,161,47.2140998840332,122,123,51,0.7577639818191528,108,117,4.2368421052631575,3.210526315789474,3.236842105263158,1.3421052631578947,1.8947368421052633,72,41.46341463414634,46.7479674796748,3.1055900621118013,21.11801242236025,3.1055900621118013,0.6211180124223602,34.161490683229815
51,201954,Darren,Collison,7,G,1610612758,Sacramento Kings,SAC,Sacramento,35,131,27.754199981689453,121,97,46,0.9236639738082886,189,36,3.742857142857143,3.4571428571428573,2.7714285714285714,1.3142857142857143,1.457142857142857,51,47.422680412371136,52.06185567010309,9.923664122137405,18.3206106870229,9.16030534351145,2.2900763358778624,42.74809160305343
52,203115,Will,Barton,5,G,1610612743,Denver Nuggets,DEN,Denver,42,137,20.980100631713867,121,109,48,0.8832119703292847,175,50,3.261904761904762,2.880952380952381,2.5952380952380953,1.1428571428571428,1.4523809523809526,61,44.03669724770642,47.706422018348626,7.299270072992701,14.598540145985401,5.839416058394161,1.4598540145985401,40.87591240875913
53,203484,Kentavious,Caldwell-Pope,5,G,1610612765,Detroit Pistons,DET,Detroit,41,135,21.565500259399414,120,112,48,0.8888890147209167,177,47,3.292682926829268,2.926829268292683,2.731707317073171,1.170731707317073,1.5609756097560978,64,42.857142857142854,45.089285714285715,8.88888888888889,9.62962962962963,7.407407407407407,1.4814814814814814,42.96296296296296
54,977,Kobe,Bryant,24,G,1610612747,Los Angeles Lakers,LAL,LALakers,35,155,22.04840087890625,120,114,45,0.7741940021514893,117,108,4.428571428571429,3.4285714285714284,3.257142857142857,1.2857142857142858,1.9714285714285713,69,39.473684210526315,45.175438596491226,7.741935483870968,18.70967741935484,7.741935483870968,0.6451612903225806,35.483870967741936
55,2749,Jameer ,Nelson,1,G,1610612743,Denver Nuggets,DEN,Denver,36,180,47.61899948120117,118,128,45,0.6555560231208801,58,167,5.0,3.2777777777777777,3.5555555555555554,1.25,2.3055555555555554,83,35.15625,40.234375,4.444444444444445,25.0,3.888888888888889,0.5555555555555556,28.88888888888889
56,201588,George,Hill,3,G,1610612754,Indiana Pacers,IND,Indiana,36,143,30.752700805664062,115,121,44,0.8041960000991821,136,89,3.9722222222222223,3.1944444444444446,3.361111111111111,1.2222222222222223,2.138888888888889,77,36.36363636363637,40.49586776859504,6.293706293706293,10.48951048951049,4.895104895104895,1.3986013986013985,35.66433566433567
57,201166,Aaron,Brooks,0,G,1610612741,Chicago Bulls,CHI,Chicago,30,134,51.73749923706055,114,114,48,0.8507459759712219,154,71,4.466666666666667,3.8,3.8,1.6,2.1999999999999997,66,42.10526315789474,46.05263157894737,4.477611940298507,11.940298507462687,4.477611940298507,1.492537313432836,38.80597014925373
58,204456,T.J.,McConnell,12,G,1610612755,Philadelphia 76ers,PHI,Philadelphia,43,164,48.23529815673828,113,113,52,0.6890239715576172,72,153,3.813953488372093,2.627906976744186,2.627906976744186,1.2093023255813953,1.4186046511627906,61,46.017699115044245,48.230088495575224,2.4390243902439024,29.878048780487806,1.829268292682927,1.2195121951219512,32.926829268292686
59,203085,Austin,Rivers,25,G,1610612746,Los Angeles Clippers,LAC,LAClippers,38,126,37.611900329589844,112,103,48,0.8888890147209167,177,47,3.3157894736842106,2.9473684210526314,2.710526315789474,1.263157894736842,1.4473684210526319,55,46.601941747572816,48.05825242718446,7.936507936507937,12.698412698412698,7.142857142857143,2.380952380952381,42.857142857142854
60,202692,Alec,Burks,10,G,1610612762,Utah Jazz,UTA,Utah,28,137,31.639699935913086,112,106,45,0.8175179958343506,142,83,4.892857142857143,4.0,3.7857142857142856,1.6071428571428572,2.1785714285714284,61,42.45283018867924,45.283018867924525,9.489051094890511,13.86861313868613,8.75912408759124,2.18978102189781,38.68613138686131
61,1626144,Emmanuel,Mudiay,0,G,1610612743,Denver Nuggets,DEN,Denver,28,222,44.667999267578125,112,144,42,0.5045049786567688,28,197,7.928571428571429,4.0,5.142857142857143,1.5,3.6428571428571432,102,29.166666666666668,31.25,7.657657657657658,28.37837837837838,6.756756756756757,0.9009009009009009,25.225225225225227
62,203079,Dion,Waiters,3,G,1610612760,Oklahoma City Thunder,OKC,OklahomaCity,43,155,30.87649917602539,111,125,47,0.7161290049552917,87,138,3.604651162790698,2.5813953488372094,2.9069767441860463,1.0930232558139534,1.813953488372093,78,37.6,39.6,6.451612903225806,13.548387096774194,5.806451612903226,0.6451612903225806,34.83870967741935
63,203095,Evan,Fournier,10,G,1610612753,Orlando Magic,ORL,Orlando,40,130,23.55069923400879,105,99,38,0.8076919913291931,137,87,3.25,2.625,2.475,0.95,1.5250000000000001,61,38.38383838383838,42.42424242424242,10.0,15.384615384615385,9.23076923076923,1.5384615384615385,37.69230769230769
64,203087,Jeremy,Lamb,3,G-F,1610612766,Charlotte Hornets,CHA,Charlotte,37,100,24.50979995727539,103,78,37,1.0299999713897705,212,13,2.7027027027027026,2.7837837837837838,2.108108108108108,1.0,1.108108108108108,41,47.43589743589744,50.64102564102564,16.0,8.0,14.0,2.0,49.0
65,2590,Maurice ,Williams,52,G,1610612739,Cleveland Cavaliers,CLE,Cleveland,25,131,43.81269836425781,103,104,46,0.7862600088119507,127,98,5.24,4.12,4.16,1.84,2.3200000000000003,58,44.23076923076923,46.15384615384615,3.053435114503817,17.557251908396946,3.053435114503817,0.0,38.16793893129771
66,203499,Shane,Larkin,0,G,1610612751,Brooklyn Nets,BKN,Brooklyn,38,142,45.9547004699707,102,102,43,0.7183099985122681,88,137,3.736842105263158,2.6842105263157894,2.6842105263157894,1.131578947368421,1.5526315789473684,59,42.15686274509804,43.627450980392155,6.338028169014085,23.239436619718308,6.338028169014085,1.408450704225352,35.2112676056338
67,203901,Elfrid,Payton,4,G,1610612753,Orlando Magic,ORL,Orlando,36,157,31.150800704956055,101,125,45,0.6433119773864746,52,173,4.361111111111111,2.8055555555555554,3.4722222222222223,1.25,2.2222222222222223,80,36.0,36.0,8.9171974522293,14.64968152866242,7.006369426751593,3.1847133757961785,33.12101910828026
68,2207,Joe,Johnson,7,G,1610612751,Brooklyn Nets,BKN,Brooklyn,42,135,23.356399536132812,97,102,40,0.7185180187225342,89,136,3.2142857142857144,2.3095238095238093,2.4285714285714284,0.9523809523809523,1.476190476190476,62,39.21568627450981,40.68627450980392,7.407407407407407,18.51851851851852,4.444444444444445,1.4814814814814814,35.55555555555556
69,202397,Ish,Smith,1,G,1610612755,Philadelphia 76ers,PHI,Philadelphia,12,130,51.18109893798828,96,110,42,0.738461971282959,99,126,10.833333333333334,8.0,9.166666666666666,3.5,5.666666666666666,68,38.18181818181818,40.45454545454545,4.615384615384615,12.307692307692308,3.076923076923077,1.5384615384615385,35.38461538461539
70,202323,Evan,Turner,11,F-G,1610612738,Boston Celtics,BOS,Boston,42,139,28.838199615478516,92,104,42,0.661870002746582,60,165,3.3095238095238093,2.1904761904761907,2.4761904761904763,1.0,1.4761904761904763,62,40.38461538461539,40.38461538461539,3.597122302158273,23.02158273381295,3.597122302158273,1.4388489208633093,32.37410071942446
71,200751,Randy,Foye,4,G,1610612743,Denver Nuggets,DEN,Denver,42,117,35.454498291015625,90,93,34,0.7692310214042664,115,110,2.7857142857142856,2.142857142857143,2.2142857142857144,0.8095238095238095,1.4047619047619049,59,36.55913978494624,41.935483870967744,6.837606837606837,14.52991452991453,6.837606837606837,0.8547008547008547,34.18803418803419
72,201587,Nicolas,Batum,5,F-G,1610612766,Charlotte Hornets,CHA,Charlotte,36,125,20.49180030822754,90,78,32,0.7200000286102295,90,135,3.4722222222222223,2.5,2.1666666666666665,0.8888888888888888,1.2777777777777777,46,41.02564102564103,46.794871794871796,8.0,31.2,4.8,1.6,32.0
73,201155,Rodney ,Stuckey,2,G,1610612754,Indiana Pacers,IND,Indiana,33,128,34.042598724365234,90,99,35,0.703125,81,144,3.878787878787879,2.727272727272727,3.0,1.0606060606060606,1.9393939393939394,64,35.35353535353536,36.36363636363637,10.15625,14.0625,9.375,1.5625,35.15625
74,202681,Kyrie,Irving,2,G,1610612739,Cleveland Cavaliers,CLE,Cleveland,13,102,43.776798248291016,88,87,39,0.8627449870109558,162,63,7.846153846153846,6.769230769230769,6.6923076923076925,3.0,3.6923076923076925,48,44.827586206896555,49.42528735632184,2.9411764705882355,13.72549019607843,2.9411764705882355,1.9607843137254901,39.21568627450981
75,202397,Ish,Smith,4,G,1610612740,New Orleans Pelicans,NOP,NewOrleans,26,132,45.67470169067383,88,106,37,0.6666669845581055,62,162,5.076923076923077,3.3846153846153846,4.076923076923077,1.4230769230769231,2.6538461538461533,69,34.905660377358494,34.905660377358494,8.333333333333334,12.878787878787879,4.545454545454546,1.5151515151515151,34.84848484848485
76,101181,Jose,Calderon,3,G,1610612752,New York Knicks,NYK,NewYork,43,104,32.601898193359375,87,89,39,0.8365380167961121,149,76,2.4186046511627906,2.0232558139534884,2.0697674418604652,0.9069767441860465,1.162790697674419,50,43.82022471910113,46.06741573033708,3.8461538461538463,11.538461538461538,2.8846153846153846,0.9615384615384616,40.38461538461539
77,203114,Khris,Middleton,22,F,1610612749,Milwaukee Bucks,MIL,Milwaukee,44,120,16.021400451660156,87,95,36,0.7250000238418579,91,134,2.727272727272727,1.9772727272727273,2.159090909090909,0.8181818181818182,1.3409090909090908,59,37.89473684210526,40.0,5.0,16.666666666666668,4.166666666666667,0.8333333333333334,34.166666666666664
78,201145,Jeff,Green,32,F,1610612763,Memphis Grizzlies,MEM,Memphis,43,98,18.66670036315918,86,77,33,0.8775510191917419,172,53,2.2790697674418605,2.0,1.7906976744186047,0.7674418604651163,1.0232558139534884,44,42.857142857142854,45.45454545454545,14.285714285714286,10.204081632653061,14.285714285714286,3.061224489795918,44.89795918367347
79,202708,Norris,Cole,30,G,1610612740,New Orleans Pelicans,NOP,NewOrleans,24,111,41.26390075683594,85,93,41,0.7657660245895386,111,114,4.625,3.5416666666666665,3.875,1.7083333333333333,2.166666666666667,52,44.086021505376344,44.623655913978496,2.7027027027027026,15.315315315315315,1.8018018018018018,1.8018018018018018,36.93693693693694
80,203078,Bradley,Beal,3,G,1610612764,Washington Wizards,WAS,Washington,20,111,27.68079948425293,82,89,35,0.738739013671875,100,125,5.55,4.1,4.45,1.75,2.7,54,39.325842696629216,42.13483146067416,5.405405405405405,15.315315315315315,3.6036036036036037,0.9009009009009009,35.13513513513514
81,201977,Marcus,Thornton,10,G,1610612745,Houston Rockets,HOU,Houston,36,86,21.662500381469727,81,75,34,0.941860020160675,196,29,2.388888888888889,2.25,2.0833333333333335,0.9444444444444444,1.138888888888889,41,45.333333333333336,50.666666666666664,2.3255813953488373,10.465116279069768,1.1627906976744187,0.0,41.86046511627907
82,202695,Kawhi,Leonard,2,F-G,1610612759,San Antonio Spurs,SAS,SanAntonio,40,89,12.750699996948242,80,73,32,0.8988760113716125,183,42,2.225,2.0,1.825,0.8,1.025,41,43.83561643835616,45.89041095890411,10.112359550561798,13.48314606741573,8.98876404494382,5.617977528089888,40.449438202247194
83,202390,Gary,Neal,14,G,1610612764,Washington Wizards,WAS,Washington,32,72,22.5,78,62,33,1.0833300352096558,216,9,2.25,2.4375,1.9375,1.03125,0.90625,29,53.225806451612904,55.645161290322584,11.11111111111111,8.333333333333334,9.722222222222221,5.555555555555555,50.0
84,201988,Patty,Mills,8,G,1610612759,San Antonio Spurs,SAS,SanAntonio,42,86,25.98189926147461,78,71,34,0.9069769978523254,185,40,2.0476190476190474,1.8571428571428572,1.6904761904761905,0.8095238095238095,0.8809523809523809,37,47.88732394366197,52.11267605633803,3.488372093023256,13.953488372093023,0.0,0.0,43.02325581395349
85,1938,Manu,Ginobili,20,G,1610612759,San Antonio Spurs,SAS,SanAntonio,36,94,24.47920036315918,73,63,27,0.7765960097312927,119,106,2.611111111111111,2.0277777777777777,1.75,0.75,1.0,36,42.857142857142854,43.65079365079365,10.638297872340425,22.340425531914892,6.382978723404255,0.0,39.361702127659576
86,203477,Isaiah,Canaan,0,G,1610612755,Philadelphia 76ers,PHI,Philadelphia,41,110,23.454200744628906,73,79,21,0.6636360287666321,61,164,2.682926829268293,1.7804878048780488,1.9268292682926829,0.5121951219512195,1.4146341463414633,58,26.582278481012658,31.645569620253166,12.727272727272727,16.363636363636363,11.818181818181818,0.9090909090909091,30.90909090909091
87,2546,Carmelo,Anthony,7,F,1610612752,New York Knicks,NYK,NewYork,39,103,11.5600004196167,71,82,30,0.6893200278282166,73,152,2.641025641025641,1.8205128205128205,2.1025641025641026,0.7692307692307693,1.3333333333333335,52,36.58536585365854,39.02439024390244,3.883495145631068,15.533980582524272,2.912621359223301,0.0,33.00970873786408
88,202340,Avery,Bradley,0,G,1610612738,Boston Celtics,BOS,Boston,37,71,12.456100463867188,69,65,29,0.9718310236930847,205,20,1.9189189189189189,1.864864864864865,1.7567567567567568,0.7837837837837838,0.972972972972973,36,44.61538461538461,49.23076923076923,5.633802816901408,5.633802816901408,5.633802816901408,2.816901408450704,43.66197183098591
89,201568,Danilo,Gallinari,8,F,1610612743,Denver Nuggets,DEN,Denver,36,88,13.728500366210938,69,50,17,0.7840909957885742,125,100,2.4444444444444446,1.9166666666666667,1.3888888888888888,0.4722222222222222,0.9166666666666666,33,34.0,38.0,20.454545454545453,23.863636363636363,14.772727272727273,2.272727272727273,36.36363636363637
90,204020,Tyler,Johnson,8,G,1610612748,Miami Heat,MIA,Miami,31,71,24.825199127197266,68,50,25,0.9577469825744629,199,26,2.2903225806451615,2.193548387096774,1.6129032258064515,0.8064516129032258,0.8064516129032258,25,50.0,51.0,16.901408450704224,18.309859154929576,8.450704225352112,5.633802816901408,46.478873239436616
91,1626170,Jerian,Grant,13,G,1610612752,New York Knicks,NYK,NewYork,40,93,34.83150100708008,66,61,23,0.70967698097229,83,142,2.325,1.65,1.525,0.575,0.95,38,37.704918032786885,38.52459016393443,12.903225806451612,21.50537634408602,12.903225806451612,1.075268817204301,35.483870967741936
92,1626164,Devin,Booker,1,G,1610612756,Phoenix Suns,PHX,Phoenix,36,66,21.153799057006836,64,48,22,0.9696969985961914,203,22,1.8333333333333333,1.7777777777777777,1.3333333333333333,0.6111111111111112,0.7222222222222221,26,45.833333333333336,50.0,15.151515151515152,15.151515151515152,12.121212121212121,3.0303030303030303,45.45454545454545
93,202691,Klay,Thompson,11,G,1610612744,Golden State Warriors,GSW,GoldenState,40,61,7.881140232086182,59,47,23,0.967212975025177,201,24,1.525,1.475,1.175,0.575,0.6000000000000001,24,48.93617021276596,53.191489361702125,9.836065573770492,16.39344262295082,9.836065573770492,3.278688524590164,44.26229508196721
94,201951,Ty,Lawson,3,G,1610612745,Houston Rockets,HOU,Houston,36,98,32.45029830932617,58,69,24,0.5918369889259338,39,186,2.7222222222222223,1.6111111111111112,1.9166666666666667,0.6666666666666666,1.25,45,34.78260869565217,37.68115942028985,5.1020408163265305,24.489795918367346,3.061224489795918,0.0,28.571428571428573
95,1626166,Cameron,Payne,22,G,1610612760,Oklahoma City Thunder,OKC,OklahomaCity,26,67,48.55070114135742,56,60,25,0.8358209729194641,148,77,2.576923076923077,2.1538461538461537,2.3076923076923075,0.9615384615384616,1.3461538461538458,35,41.666666666666664,44.166666666666664,2.985074626865672,8.955223880597014,2.985074626865672,1.492537313432836,38.80597014925373
96,202718,Chandler,Parsons,25,F,1610612742,Dallas Mavericks,DAL,Dallas,35,75,19.946800231933594,55,58,23,0.7333329916000366,98,127,2.142857142857143,1.5714285714285714,1.6571428571428573,0.6571428571428571,1.0,35,39.6551724137931,43.96551724137931,8.0,16.0,8.0,1.3333333333333333,33.333333333333336
97,201573,Jerryd,Bayless,19,G,1610612749,Milwaukee Bucks,MIL,Milwaukee,26,69,22.847700119018555,52,52,22,0.7536230087280273,107,118,2.6538461538461537,2.0,2.0,0.8461538461538461,1.1538461538461537,30,42.30769230769231,44.23076923076923,7.246376811594203,20.28985507246377,5.797101449275362,2.898550724637681,36.231884057971016
98,201571,DJ,Augustin,14,G,1610612760,Oklahoma City Thunder,OKC,OklahomaCity,32,55,33.7422981262207,51,38,17,0.9272729754447937,191,34,1.71875,1.59375,1.1875,0.53125,0.65625,21,44.73684210526316,52.63157894736842,10.909090909090908,20.0,10.909090909090908,1.8181818181818181,40.0
99,201961,Wayne,Ellington,21,G-F,1610612751,Brooklyn Nets,BKN,Brooklyn,41,60,20.270299911499023,51,55,22,0.8500000238418579,152,73,1.4634146341463414,1.2439024390243902,1.3414634146341464,0.5365853658536586,0.8048780487804879,33,40.0,42.72727272727273,5.0,5.0,3.3333333333333335,1.6666666666666667,40.0
100,202694,Marcus,Morris,13,F,1610612765,Detroit Pistons,DET,Detroit,40,69,11.219499588012695,51,61,22,0.7391300201416016,101,124,1.725,1.275,1.525,0.55,0.9749999999999999,39,36.0655737704918,38.52459016393443,5.797101449275362,8.695652173913043,5.797101449275362,2.898550724637681,34.78260869565217
101,201933,Blake,Griffin,32,F,1610612746,Los Angeles Clippers,LAC,LAClippers,30,42,5.940589904785156,50,31,19,1.1904799938201904,224,1,1.4,1.6666666666666667,1.0333333333333334,0.6333333333333333,0.40000000000000013,12,61.29032258064516,61.29032258064516,16.666666666666668,14.285714285714286,16.666666666666668,4.761904761904762,57.142857142857146
102,203894,Shabazz,Napier,13,G,1610612753,Orlando Magic,ORL,Orlando,31,73,38.82979965209961,50,49,17,0.6849319934844971,69,156,2.3548387096774195,1.6129032258064515,1.5806451612903225,0.5483870967741935,1.032258064516129,32,34.69387755102041,36.734693877551024,12.32876712328767,23.28767123287671,12.32876712328767,2.73972602739726,32.87671232876713
103,203145,Kent ,Bazemore,24,G,1610612737,Atlanta Hawks,ATL,Atlanta,37,77,17.111099243164062,49,61,19,0.6363639831542969,48,176,2.081081081081081,1.3243243243243243,1.6486486486486487,0.5135135135135135,1.135135135135135,42,31.147540983606557,32.78688524590164,6.4935064935064934,15.584415584415584,5.194805194805195,1.2987012987012987,29.87012987012987
104,200752,Rudy,Gay,8,G-F,1610612758,Sacramento Kings,SAC,Sacramento,38,44,6.2411298751831055,48,35,20,1.0909099578857422,217,7,1.1578947368421053,1.263157894736842,0.9210526315789473,0.5263157894736842,0.39473684210526316,15,57.142857142857146,60.0,9.090909090909092,15.909090909090908,9.090909090909092,4.545454545454546,50.0
105,203935,Marcus,Smart,36,G,1610612738,Boston Celtics,BOS,Boston,21,54,22.040800094604492,46,37,18,0.8518519997596741,155,69,2.5714285714285716,2.1904761904761907,1.7619047619047619,0.8571428571428571,0.9047619047619048,19,48.648648648648646,50.0,14.814814814814815,20.37037037037037,12.962962962962964,3.7037037037037037,42.592592592592595
106,203507,Giannis,Antetokounmpo,34,G-F,1610612749,Milwaukee Bucks,MIL,Milwaukee,42,50,7.352940082550049,44,39,19,0.8799999952316284,174,51,1.1904761904761905,1.0476190476190477,0.9285714285714286,0.4523809523809524,0.4761904761904762,20,48.717948717948715,48.717948717948715,10.0,16.0,8.0,4.0,44.0
107,2581,Steve,Blake,22,G,1610612765,Detroit Pistons,DET,Detroit,29,64,38.787899017333984,44,40,18,0.6875,70,154,2.206896551724138,1.5172413793103448,1.3793103448275863,0.6206896551724138,0.7586206896551725,22,45.0,52.5,1.5625,35.9375,1.5625,0.0,29.6875
108,1626169,Stanley,Johnson,3,F,1610612765,Detroit Pistons,DET,Detroit,41,79,18.544599533081055,44,63,18,0.5569620132446289,34,191,1.9268292682926829,1.0731707317073171,1.5365853658536586,0.43902439024390244,1.0975609756097562,45,28.571428571428573,29.365079365079364,5.063291139240507,16.455696202531644,5.063291139240507,1.2658227848101267,26.582278481012658
109,201156,Nick,Young,0,G-F,1610612747,Los Angeles Lakers,LAL,LALakers,35,52,18.118499755859375,43,46,16,0.8269230127334595,145,80,1.4857142857142858,1.2285714285714286,1.3142857142857143,0.45714285714285713,0.8571428571428572,30,34.78260869565217,41.30434782608695,3.8461538461538463,7.6923076923076925,1.9230769230769231,0.0,34.61538461538461
110,2734,Devin,Harris,34,G,1610612742,Dallas Mavericks,DAL,Dallas,37,59,21.454500198364258,42,41,16,0.7118639945983887,84,141,1.5945945945945945,1.135135135135135,1.1081081081081081,0.43243243243243246,0.6756756756756757,25,39.02439024390244,39.02439024390244,18.64406779661017,16.949152542372882,16.949152542372882,5.084745762711864,37.28813559322034
111,203933,TJ,Warren,12,F,1610612756,Phoenix Suns,PHX,Phoenix,42,46,10.222200393676758,41,38,17,0.8913040161132812,180,45,1.0952380952380953,0.9761904761904762,0.9047619047619048,0.40476190476190477,0.5,21,44.73684210526316,44.73684210526316,10.869565217391305,6.521739130434782,8.695652173913043,0.0,47.82608695652174
112,202699,Tobias,Harris,12,F,1610612753,Orlando Magic,ORL,Orlando,40,48,8.711429595947266,41,36,14,0.8541669845581055,158,67,1.2,1.025,0.9,0.35,0.55,22,38.888888888888886,41.666666666666664,14.583333333333334,14.583333333333334,14.583333333333334,4.166666666666667,39.583333333333336
113,202711,Bojan ,Bogdanovic,44,F,1610612751,Brooklyn Nets,BKN,Brooklyn,42,45,10.538599967956543,39,37,17,0.8666669726371765,164,60,1.0714285714285714,0.9285714285714286,0.8809523809523809,0.40476190476190477,0.47619047619047616,20,45.945945945945944,48.648648648648646,4.444444444444445,13.333333333333334,2.2222222222222223,0.0,42.22222222222222
114,2755,Kevin,Martin,23,G,1610612750,Minnesota Timberwolves,MIN,Minnesota,33,63,15.829099655151367,39,48,12,0.619047999382019,46,179,1.9090909090909092,1.1818181818181819,1.4545454545454546,0.36363636363636365,1.0909090909090908,36,25.0,26.041666666666668,12.698412698412698,11.11111111111111,11.11111111111111,1.5873015873015872,30.158730158730158
115,203109,Jae,Crowder,99,F,1610612738,Boston Celtics,BOS,Boston,42,55,9.290539741516113,38,39,11,0.6909090280532837,74,151,1.3095238095238095,0.9047619047619048,0.9285714285714286,0.2619047619047619,0.6666666666666667,28,28.205128205128204,34.61538461538461,9.090909090909092,20.0,9.090909090909092,0.0,29.09090909090909
116,201564,OJ,Mayo,3,G,1610612749,Milwaukee Bucks,MIL,Milwaukee,29,56,17.12540054321289,38,43,17,0.6785709857940674,66,159,1.9310344827586208,1.3103448275862069,1.4827586206896552,0.5862068965517241,0.8965517241379312,26,39.53488372093023,40.69767441860465,5.357142857142857,19.642857142857142,5.357142857142857,1.7857142857142858,32.142857142857146
117,202329,Al Farouq,Aminu,8,F,1610612757,Portland Trail Blazers,POR,Portland,44,58,11.218600273132324,38,46,15,0.6551719903945923,56,168,1.3181818181818181,0.8636363636363636,1.0454545454545454,0.3409090909090909,0.7045454545454546,31,32.608695652173914,34.78260869565217,8.620689655172415,13.793103448275861,8.620689655172415,1.7241379310344827,32.758620689655174
118,203914,Gary,Harris,14,G,1610612743,Denver Nuggets,DEN,Denver,36,58,14.146300315856934,38,46,16,0.6551719903945923,56,168,1.6111111111111112,1.0555555555555556,1.2777777777777777,0.4444444444444444,0.8333333333333333,30,34.78260869565217,35.869565217391305,5.172413793103448,15.517241379310345,5.172413793103448,0.0,32.758620689655174
119,201976,Patrick,Beverley,2,G,1610612745,Houston Rockets,HOU,Houston,34,64,20.062700271606445,38,49,15,0.59375,40,185,1.8823529411764706,1.1176470588235294,1.4411764705882353,0.4411764705882353,1.0,34,30.612244897959183,33.673469387755105,4.6875,18.75,4.6875,0.0,28.125
120,203917,Nik,Stauskas,11,G,1610612755,Philadelphia 76ers,PHI,Philadelphia,38,68,20.35930061340332,38,49,16,0.5588240027427673,35,190,1.7894736842105263,1.0,1.2894736842105263,0.42105263157894735,0.868421052631579,33,32.6530612244898,34.69387755102041,5.882352941176471,22.058823529411764,5.882352941176471,0.0,27.941176470588236
121,204038,Langston,Galloway,2,G,1610612752,New York Knicks,NYK,NewYork,43,53,15.868300437927246,37,41,15,0.6981130242347717,78,147,1.2325581395348837,0.8604651162790697,0.9534883720930233,0.3488372093023256,0.6046511627906976,26,36.58536585365854,37.80487804878049,9.433962264150944,15.09433962264151,5.660377358490566,1.8867924528301887,35.84905660377358
122,201584,Courtney,Lee,5,G,1610612763,Memphis Grizzlies,MEM,Memphis,41,64,15.802499771118164,36,50,14,0.5625,36,189,1.5609756097560976,0.8780487804878049,1.2195121951219512,0.34146341463414637,0.8780487804878048,36,28.0,28.0,6.25,14.0625,6.25,0.0,28.125
123,2757,Beno,Udrih,19,G,1610612748,Miami Heat,MIA,Miami,24,41,36.9369010925293,35,30,16,0.8536589741706848,157,68,1.7083333333333333,1.4583333333333333,1.25,0.6666666666666666,0.5833333333333334,14,53.333333333333336,55.0,2.4390243902439024,24.390243902439025,2.4390243902439024,0.0,41.46341463414634
124,203148,Brian ,Roberts,22,G,1610612766,Charlotte Hornets,CHA,Charlotte,21,34,43.589698791503906,33,27,15,0.9705880284309387,204,21,1.619047619047619,1.5714285714285714,1.2857142857142858,0.7142857142857143,0.5714285714285715,12,55.55555555555556,57.407407407407405,5.882352941176471,20.58823529411765,5.882352941176471,5.882352941176471,44.11764705882353
125,2747,JR,Smith,5,G,1610612739,Cleveland Cavaliers,CLE,Cleveland,35,42,9.699769973754883,33,31,13,0.7857139706611633,126,99,1.2,0.9428571428571428,0.8857142857142857,0.37142857142857144,0.5142857142857142,18,41.935483870967744,43.54838709677419,11.904761904761905,16.666666666666668,7.142857142857143,2.380952380952381,38.095238095238095
126,201945,Gerald,Henderson,9,G,1610612757,Portland Trail Blazers,POR,Portland,35,54,19.92620086669922,33,44,13,0.6111109852790833,44,181,1.542857142857143,0.9428571428571428,1.2571428571428571,0.37142857142857144,0.8857142857142857,31,29.545454545454547,30.681818181818183,7.407407407407407,12.962962962962964,7.407407407407407,1.8518518518518519,29.62962962962963
127,203526,Raul,Neto,25,G,1610612762,Utah Jazz,UTA,Utah,40,74,25.874099731445312,33,42,11,0.44594600796699524,20,205,1.85,0.825,1.05,0.275,0.775,31,26.19047619047619,28.571428571428573,8.108108108108109,35.13513513513514,5.405405405405405,0.0,22.972972972972972
128,101123,Gerald,Green,14,G-F,1610612748,Miami Heat,MIA,Miami,36,35,8.474579811096191,32,31,14,0.9142860174179077,188,37,0.9722222222222222,0.8888888888888888,0.8611111111111112,0.3888888888888889,0.47222222222222227,17,45.16129032258065,48.38709677419355,2.857142857142857,8.571428571428571,2.857142857142857,0.0,42.857142857142854
129,202714,Shelvin,Mack,8,G,1610612737,Atlanta Hawks,ATL,Atlanta,17,40,42.553199768066406,32,32,13,0.800000011920929,131,91,2.3529411764705883,1.8823529411764706,1.8823529411764706,0.7647058823529411,1.1176470588235294,19,40.625,43.75,7.5,15.0,5.0,2.5,37.5
130,203490,Otto,Porter Jr.,22,F,1610612764,Washington Wizards,WAS,Washington,34,39,8.965519905090332,31,31,14,0.794871985912323,130,95,1.1470588235294117,0.9117647058823529,0.9117647058823529,0.4117647058823529,0.5,17,45.16129032258065,45.16129032258065,5.128205128205129,17.94871794871795,5.128205128205129,2.5641025641025643,38.46153846153846
131,1626273,Marcelo,Huertas,9,G,1610612747,Los Angeles Lakers,LAL,LALakers,24,46,42.990699768066406,31,36,13,0.6739130020141602,64,161,1.9166666666666667,1.2916666666666667,1.5,0.5416666666666666,0.9583333333333334,23,36.111111111111114,38.888888888888886,4.3478260869565215,19.565217391304348,4.3478260869565215,2.1739130434782608,30.434782608695652
132,202349,Greivis,Vasquez,21,G-F,1610612749,Milwaukee Bucks,MIL,Milwaukee,16,51,33.77479934692383,31,34,11,0.6078429818153381,43,182,3.1875,1.9375,2.125,0.6875,1.4375,23,32.35294117647059,36.76470588235294,5.882352941176471,27.45098039215686,3.9215686274509802,0.0,27.45098039215686
133,201158,Marco,Belinelli,3,G,1610612758,Sacramento Kings,SAC,Sacramento,40,58,12.314200401306152,31,42,10,0.534483015537262,29,196,1.45,0.775,1.05,0.25,0.8,32,23.80952380952381,28.571428571428573,8.620689655172415,17.24137931034483,5.172413793103448,0.0,25.862068965517242
134,203498,Shabazz,Muhammad,15,F,1610612750,Minnesota Timberwolves,MIN,Minnesota,43,29,7.2864298820495605,30,22,12,1.0344799757003784,213,12,0.6744186046511628,0.6976744186046512,0.5116279069767442,0.27906976744186046,0.23255813953488375,10,54.54545454545455,61.36363636363637,10.344827586206897,13.793103448275861,10.344827586206897,0.0,48.275862068965516
135,2571,Leandro,Barbosa,19,G,1610612744,Golden State Warriors,GSW,GoldenState,29,37,18.408000946044922,30,32,13,0.8108109831809998,140,84,1.2758620689655173,1.0344827586206897,1.103448275862069,0.4482758620689655,0.6551724137931034,19,40.625,43.75,2.7027027027027026,10.81081081081081,2.7027027027027026,0.0,37.83783783783784
136,201167,Arron,Afflalo,4,G-F,1610612752,New York Knicks,NYK,NewYork,35,40,8.264459609985352,30,37,14,0.75,105,119,1.1428571428571428,0.8571428571428571,1.0571428571428572,0.4,0.6571428571428571,23,37.83783783783784,40.54054054054054,0.0,7.5,0.0,0.0,35.0
137,201962,Toney,Douglas,16,G,1610612740,New Orleans Pelicans,NOP,NewOrleans,19,46,36.79999923706055,30,38,11,0.6521739959716797,53,170,2.4210526315789473,1.5789473684210527,2.0,0.5789473684210527,1.4210526315789473,27,28.94736842105263,34.21052631578947,4.3478260869565215,13.043478260869565,2.1739130434782608,0.0,28.26086956521739
138,202083,Wesley,Matthews,23,G,1610612742,Dallas Mavericks,DAL,Dallas,39,47,9.343939781188965,30,38,12,0.638297975063324,50,175,1.205128205128205,0.7692307692307693,0.9743589743589743,0.3076923076923077,0.6666666666666666,26,31.57894736842105,34.21052631578947,6.382978723404255,14.893617021276595,6.382978723404255,2.127659574468085,29.78723404255319
139,1891,Jason,Terry,31,G,1610612745,Houston Rockets,HOU,Houston,35,25,11.961700439453125,29,17,13,1.159999966621399,222,3,0.7142857142857143,0.8285714285714286,0.4857142857142857,0.37142857142857144,0.11428571428571427,4,76.47058823529412,79.41176470588235,4.0,28.0,4.0,0.0,56.0
140,202734,ETwaun,Moore,55,G,1610612741,Chicago Bulls,CHI,Chicago,29,33,22.448999404907227,29,29,13,0.8787879943847656,173,52,1.1379310344827587,1.0,1.0,0.4482758620689655,0.5517241379310345,16,44.827586206896555,46.55172413793103,6.0606060606060606,6.0606060606060606,3.0303030303030303,0.0,42.42424242424242
141,203459,Allen,Crabbe,23,G,1610612757,Portland Trail Blazers,POR,Portland,44,39,8.387100219726562,29,36,13,0.7435899972915649,104,121,0.8863636363636364,0.6590909090909091,0.8181818181818182,0.29545454545454547,0.5227272727272727,23,36.111111111111114,37.5,2.5641025641025643,5.128205128205129,2.5641025641025643,0.0,35.8974358974359
142,2772,Trevor,Ariza,1,F,1610612745,Houston Rockets,HOU,Houston,42,41,7.869480133056641,28,30,11,0.6829270124435425,67,158,0.9761904761904762,0.6666666666666666,0.7142857142857143,0.2619047619047619,0.4523809523809524,19,36.666666666666664,43.333333333333336,2.4390243902439024,24.390243902439025,2.4390243902439024,0.0,29.26829268292683
143,1626202,Joe,Young,1,G,1610612754,Indiana Pacers,IND,Indiana,15,29,44.61539840698242,27,21,11,0.9310349822044373,192,32,1.9333333333333333,1.8,1.4,0.7333333333333333,0.6666666666666666,10,52.38095238095238,52.38095238095238,10.344827586206897,17.24137931034483,10.344827586206897,0.0,48.275862068965516
144,203082,Terrence,Ross,31,G,1610612761,Toronto Raptors,TOR,Toronto,35,29,10.175399780273438,27,27,12,0.9310349822044373,192,32,0.8285714285714286,0.7714285714285715,0.7714285714285715,0.34285714285714286,0.4285714285714286,15,44.44444444444444,44.44444444444444,6.896551724137931,3.4482758620689653,3.4482758620689653,3.4482758620689653,44.827586206896555
145,101139,CJ,Miles,0,G,1610612754,Indiana Pacers,IND,Indiana,37,35,7.172130107879639,27,31,10,0.7714290022850037,116,109,0.9459459459459459,0.7297297297297297,0.8378378378378378,0.2702702702702703,0.5675675675675675,21,32.25806451612903,38.70967741935484,5.714285714285714,5.714285714285714,5.714285714285714,0.0,34.285714285714285
146,2550,Kirk,Hinrich,12,G,1610612741,Chicago Bulls,CHI,Chicago,26,29,24.369699478149414,26,21,9,0.8965520262718201,182,43,1.1153846153846154,1.0,0.8076923076923077,0.34615384615384615,0.46153846153846156,12,42.857142857142854,52.38095238095238,6.896551724137931,20.689655172413794,3.4482758620689653,0.0,37.93103448275862
147,2733,Shaun,Livingston,34,G,1610612744,Golden State Warriors,GSW,GoldenState,39,38,15.384599685668945,26,30,11,0.684211015701294,68,157,0.9743589743589743,0.6666666666666666,0.7692307692307693,0.28205128205128205,0.4871794871794872,19,36.666666666666664,36.666666666666664,7.894736842105263,13.157894736842104,7.894736842105263,0.0,36.8421052631579
148,204060,Joe ,Ingles,2,F,1610612762,Utah Jazz,UTA,Utah,37,39,21.547000885009766,25,30,10,0.6410260200500488,51,174,1.054054054054054,0.6756756756756757,0.8108108108108109,0.2702702702702703,0.5405405405405406,20,33.333333333333336,38.333333333333336,2.5641025641025643,20.512820512820515,0.0,0.0,28.205128205128204
149,203143,Pablo,Prigioni,9,G,1610612746,Los Angeles Clippers,LAC,LAClippers,20,32,51.61289978027344,24,20,10,0.75,105,119,1.6,1.2,1.0,0.5,0.5,10,50.0,60.0,0.0,37.5,0.0,0.0,31.25
150,203932,Aaron,Gordon,0,F,1610612753,Orlando Magic,ORL,Orlando,39,22,7.885300159454346,23,18,9,1.04544997215271,214,11,0.5641025641025641,0.5897435897435898,0.46153846153846156,0.23076923076923078,0.23076923076923078,9,50.0,50.0,13.636363636363637,4.545454545454546,9.090909090909092,0.0,54.54545454545455
151,2594,Kyle,Korver,26,G,1610612737,Atlanta Hawks,ATL,Atlanta,40,27,7.049610137939453,23,20,9,0.8518519997596741,155,69,0.675,0.575,0.5,0.225,0.275,11,45.0,50.0,7.407407407407407,22.22222222222222,7.407407407407407,3.7037037037037037,37.03703703703704
152,201943,Brandon,Jennings,7,G,1610612765,Detroit Pistons,DET,Detroit,10,30,38.46149826049805,23,21,7,0.7666670083999634,112,113,3.0,2.3,2.1,0.7,1.4000000000000001,14,33.333333333333336,40.476190476190474,13.333333333333334,16.666666666666668,13.333333333333334,0.0,36.666666666666664
153,1626209,Mario,Hezonja,23,F,1610612753,Orlando Magic,ORL,Orlando,34,35,17.857099533081055,23,24,7,0.6571429967880249,59,166,1.0294117647058822,0.6764705882352942,0.7058823529411765,0.20588235294117646,0.5,17,29.166666666666668,31.25,11.428571428571429,20.0,11.428571428571429,0.0,31.428571428571427
154,101179,Ronnie,Price,14,G,1610612756,Phoenix Suns,PHX,Phoenix,34,35,22.7273006439209,22,27,8,0.6285709738731384,47,178,1.0294117647058822,0.6470588235294118,0.7941176470588235,0.23529411764705882,0.5588235294117647,19,29.62962962962963,37.03703703703704,2.857142857142857,20.0,2.857142857142857,0.0,25.714285714285715
155,203552,Seth,Curry,30,G,1610612758,Sacramento Kings,SAC,Sacramento,20,22,29.33329963684082,21,16,8,0.9545450210571289,198,27,1.1,1.05,0.8,0.4,0.4,8,50.0,50.0,13.636363636363637,18.181818181818183,13.636363636363637,4.545454545454546,45.45454545454545
156,202697,Iman,Shumpert,4,F-G,1610612739,Cleveland Cavaliers,CLE,Cleveland,17,26,18.704999923706055,21,21,10,0.8076919913291931,137,87,1.5294117647058822,1.2352941176470589,1.2352941176470589,0.5882352941176471,0.6470588235294118,11,47.61904761904762,47.61904761904762,3.8461538461538463,15.384615384615385,3.8461538461538463,0.0,42.30769230769231
157,200755,JJ,Redick,4,G,1610612746,Los Angeles Clippers,LAC,LAClippers,37,31,6.138609886169434,21,21,6,0.6774190068244934,65,160,0.8378378378378378,0.5675675675675675,0.5675675675675675,0.16216216216216217,0.4054054054054054,15,28.571428571428573,30.952380952380953,16.129032258064516,16.129032258064516,16.129032258064516,0.0,35.483870967741936
158,203915,Spencer,Dinwiddie,8,G,1610612765,Detroit Pistons,DET,Detroit,9,22,45.83330154418945,20,18,7,0.9090909957885742,186,39,2.4444444444444446,2.2222222222222223,2.0,0.7777777777777778,1.2222222222222223,11,38.888888888888886,41.666666666666664,22.727272727272727,4.545454545454546,13.636363636363637,9.090909090909092,40.90909090909091
159,203503,Tony,Snell,20,F,1610612741,Chicago Bulls,CHI,Chicago,38,44,16.11720085144043,20,36,8,0.4545449912548065,21,204,1.1578947368421053,0.5263157894736842,0.9473684210526315,0.21052631578947367,0.7368421052631579,28,22.22222222222222,23.61111111111111,4.545454545454546,15.909090909090908,4.545454545454546,2.272727272727273,20.454545454545453
160,1889,Andre,Miller,24,G,1610612750,Minnesota Timberwolves,MIN,Minnesota,18,23,33.33330154418945,19,13,7,0.8260869979858398,144,81,1.2777777777777777,1.0555555555555556,0.7222222222222222,0.3888888888888889,0.3333333333333333,6,53.84615384615385,53.84615384615385,13.043478260869565,30.434782608695652,8.695652173913043,0.0,43.47826086956522
161,203898,Tyler,Ennis,11,G,1610612749,Milwaukee Bucks,MIL,Milwaukee,19,24,32.87670135498047,19,17,7,0.7916669845581055,128,97,1.263157894736842,1.0,0.8947368421052632,0.3684210526315789,0.5263157894736843,10,41.1764705882353,50.0,4.166666666666667,25.0,0.0,0.0,33.333333333333336
162,202388,Donald,Sloan,15,G,1610612751,Brooklyn Nets,BKN,Brooklyn,22,39,31.45159912109375,19,25,9,0.4871790111064911,25,200,1.7727272727272727,0.8636363636363636,1.1363636363636365,0.4090909090909091,0.7272727272727273,16,36.0,36.0,2.5641025641025643,35.8974358974359,2.5641025641025643,2.5641025641025643,23.076923076923077
163,203084,Harrison,Barnes,40,F,1610612744,Golden State Warriors,GSW,GoldenState,26,17,5.573770046234131,18,16,9,1.0588200092315674,215,10,0.6538461538461539,0.6923076923076923,0.6153846153846154,0.34615384615384615,0.2692307692307693,7,56.25,56.25,0.0,5.882352941176471,0.0,0.0,52.94117647058823
164,201978,Chase,Budinger,10,F,1610612754,Indiana Pacers,IND,Indiana,37,18,8.866990089416504,18,13,6,1.0,209,14,0.4864864864864865,0.4864864864864865,0.35135135135135137,0.16216216216216217,0.1891891891891892,7,46.15384615384615,50.0,16.666666666666668,11.11111111111111,16.666666666666668,0.0,50.0
165,203462,Archie,Goodwin,20,G,1610612756,Phoenix Suns,PHX,Phoenix,21,30,20.689699172973633,18,18,7,0.6000000238418579,41,183,1.4285714285714286,0.8571428571428571,0.8571428571428571,0.3333333333333333,0.5238095238095237,11,38.888888888888886,38.888888888888886,20.0,20.0,20.0,0.0,36.666666666666664
166,202362,Lance,Stephenson,1,G,1610612746,Los Angeles Clippers,LAC,LAClippers,31,31,18.235300064086914,18,24,8,0.5806450247764587,37,188,1.0,0.5806451612903226,0.7741935483870968,0.25806451612903225,0.5161290322580645,16,33.333333333333336,37.5,0.0,22.580645161290324,0.0,0.0,25.806451612903224
167,201152,Thaddeus,Young,30,F,1610612751,Brooklyn Nets,BKN,Brooklyn,42,15,2.173909902572632,17,11,8,1.13332998752594,221,4,0.35714285714285715,0.40476190476190477,0.2619047619047619,0.19047619047619047,0.07142857142857145,3,72.72727272727273,72.72727272727273,13.333333333333334,13.333333333333334,13.333333333333334,0.0,60.0
168,1713,Vince,Carter,15,G-F,1610612763,Memphis Grizzlies,MEM,Memphis,25,21,18.260900497436523,17,16,7,0.8095239996910095,139,86,0.84,0.68,0.64,0.28,0.36,9,43.75,46.875,9.523809523809524,19.047619047619047,9.523809523809524,4.761904761904762,38.095238095238095
169,203926,Doug ,McDermott,3,F,1610612741,Chicago Bulls,CHI,Chicago,39,13,4.248370170593262,16,10,6,1.2307699918746948,225,0,0.3333333333333333,0.41025641025641024,0.2564102564102564,0.15384615384615385,0.10256410256410253,4,60.0,65.0,15.384615384615385,7.6923076923076925,15.384615384615385,0.0,61.53846153846154
170,1897,Metta,World Peace,37,F,1610612747,Los Angeles Lakers,LAL,LALakers,19,16,14.035099983215332,16,15,7,1.0,209,14,0.8421052631578947,0.8421052631578947,0.7894736842105263,0.3684210526315789,0.4210526315789474,8,46.666666666666664,53.333333333333336,0.0,6.25,0.0,0.0,43.75
171,203110,Draymond,Green,23,F,1610612744,Golden State Warriors,GSW,GoldenState,41,19,2.945739984512329,16,13,7,0.842104971408844,151,74,0.4634146341463415,0.3902439024390244,0.3170731707317073,0.17073170731707318,0.14634146341463414,6,53.84615384615385,57.69230769230769,10.526315789473685,21.05263157894737,10.526315789473685,0.0,42.10526315789474
172,203937,Kyle ,Anderson,1,F,1610612759,San Antonio Spurs,SAS,SanAntonio,34,22,15.827300071716309,16,15,7,0.7272729873657227,93,129,0.6470588235294118,0.47058823529411764,0.4411764705882353,0.20588235294117646,0.23529411764705882,8,46.666666666666664,46.666666666666664,9.090909090909092,22.727272727272727,4.545454545454546,0.0,40.90909090909091
173,204025,Tim,Frazier,10,G,1610612757,Portland Trail Blazers,POR,Portland,24,26,30.588199615478516,16,16,6,0.6153849959373474,45,180,1.0833333333333333,0.6666666666666666,0.6666666666666666,0.25,0.41666666666666663,10,37.5,43.75,7.6923076923076925,34.61538461538461,7.6923076923076925,3.8461538461538463,26.923076923076923
174,202498,Lance,Thomas,42,F,1610612752,New York Knicks,NYK,NewYork,43,23,6.35359001159668,15,20,7,0.6521739959716797,53,170,0.5348837209302325,0.3488372093023256,0.46511627906976744,0.16279069767441862,0.3023255813953488,13,35.0,35.0,4.3478260869565215,13.043478260869565,4.3478260869565215,4.3478260869565215,30.434782608695652
175,200757,Thabo,Sefolosha,25,G,1610612737,Atlanta Hawks,ATL,Atlanta,36,23,9.274189949035645,15,14,6,0.6521739959716797,53,170,0.6388888888888888,0.4166666666666667,0.3888888888888889,0.16666666666666666,0.22222222222222224,8,42.857142857142854,42.857142857142854,13.043478260869565,30.434782608695652,13.043478260869565,4.3478260869565215,30.434782608695652
176,203546,Ian,Clark,21,G,1610612744,Golden State Warriors,GSW,GoldenState,33,27,15.428600311279297,15,20,6,0.5555559992790222,33,192,0.8181818181818182,0.45454545454545453,0.6060606060606061,0.18181818181818182,0.42424242424242425,14,30.0,35.0,3.7037037037037037,22.22222222222222,3.7037037037037037,0.0,25.925925925925927
177,201960,DeMarre,Carroll,5,F,1610612761,Toronto Raptors,TOR,Toronto,23,28,9.15032958984375,15,21,7,0.5357139706611633,30,195,1.2173913043478262,0.6521739130434783,0.9130434782608695,0.30434782608695654,0.608695652173913,14,33.333333333333336,35.714285714285715,0.0,25.0,0.0,0.0,25.0
178,203515,Phil,Pressey,26,G,1610612755,Philadelphia 76ers,PHI,Philadelphia,14,32,40.0,15,21,5,0.46875,23,202,2.2857142857142856,1.0714285714285714,1.5,0.35714285714285715,1.1428571428571428,16,23.80952380952381,28.571428571428573,6.25,28.125,6.25,0.0,21.875
179,203100,Tony,Wroten,1,G,1610612755,Philadelphia 76ers,PHI,Philadelphia,8,37,33.035701751708984,15,21,5,0.4054050147533417,13,212,4.625,1.875,2.625,0.625,2.0,16,23.80952380952381,23.80952380952381,16.216216216216218,27.027027027027028,16.216216216216218,0.0,21.62162162162162
180,2736,Luol,Deng,9,F,1610612748,Miami Heat,MIA,Miami,36,12,3.314919948577881,14,8,5,1.1666699647903442,223,2,0.3333333333333333,0.3888888888888889,0.2222222222222222,0.1388888888888889,0.08333333333333331,3,62.5,68.75,16.666666666666668,16.666666666666668,16.666666666666668,0.0,58.333333333333336
181,203098,John,Jenkins,12,G,1610612742,Dallas Mavericks,DAL,Dallas,17,18,24.657499313354492,14,14,5,0.7777780294418335,121,103,1.0588235294117647,0.8235294117647058,0.8235294117647058,0.29411764705882354,0.5294117647058822,9,35.714285714285715,35.714285714285715,11.11111111111111,11.11111111111111,5.555555555555555,0.0,38.888888888888886
182,203613,Jonathan,Simmons,17,G,1610612759,San Antonio Spurs,SAS,SanAntonio,28,18,11.920499801635742,14,11,5,0.7777780294418335,121,103,0.6428571428571429,0.5,0.39285714285714285,0.17857142857142858,0.21428571428571427,6,45.45454545454545,45.45454545454545,16.666666666666668,22.22222222222222,11.11111111111111,0.0,44.44444444444444
183,201596,Mario,Chalmers,15,G,1610612748,Miami Heat,MIA,Miami,6,15,32.608699798583984,13,10,4,0.8666669726371765,164,60,2.5,2.1666666666666665,1.6666666666666667,0.6666666666666666,1.0,6,40.0,40.0,13.333333333333334,20.0,13.333333333333334,0.0,40.0
184,2757,Beno,Udrih,19,G,1610612763,Memphis Grizzlies,MEM,Memphis,8,24,42.10530090332031,13,16,6,0.5416669845581055,31,194,3.0,1.625,2.0,0.75,1.25,10,37.5,37.5,4.166666666666667,33.333333333333336,4.166666666666667,4.166666666666667,25.0
185,203138,Hollis,Thompson,31,F--G,1610612755,Philadelphia 76ers,PHI,Philadelphia,41,28,7.407410144805908,13,20,6,0.4642859995365143,22,203,0.6829268292682927,0.3170731707317073,0.4878048780487805,0.14634146341463414,0.3414634146341463,14,30.0,30.0,3.5714285714285716,25.0,3.5714285714285716,0.0,25.0
186,202066,Garrett,Temple,17,G,1610612764,Washington Wizards,WAS,Washington,36,30,9.230770111083984,13,25,5,0.43333300948143005,18,207,0.8333333333333334,0.3611111111111111,0.6944444444444444,0.1388888888888889,0.5555555555555556,20,20.0,22.0,3.3333333333333335,13.333333333333334,0.0,0.0,20.0
187,2754,Tony,Allen,9,G-F,1610612763,Memphis Grizzlies,MEM,Memphis,38,11,3.618419885635376,12,10,6,1.0909099578857422,217,7,0.2894736842105263,0.3157894736842105,0.2631578947368421,0.15789473684210525,0.10526315789473684,4,60.0,60.0,0.0,9.090909090909092,0.0,0.0,54.54545454545455
188,203463,Ben,McLemore,23,G,1610612758,Sacramento Kings,SAC,Sacramento,39,25,7.8125,12,15,5,0.47999998927116394,24,201,0.6410256410256411,0.3076923076923077,0.38461538461538464,0.1282051282051282,0.25641025641025644,10,33.333333333333336,33.333333333333336,4.0,36.0,0.0,0.0,24.0
189,1626159,Justise,Winslow,20,G-F,1610612748,Miami Heat,MIA,Miami,39,28,10.14490032196045,12,17,4,0.4285709857940674,15,208,0.717948717948718,0.3076923076923077,0.4358974358974359,0.10256410256410256,0.33333333333333337,13,23.529411764705884,23.529411764705884,17.857142857142858,25.0,17.857142857142858,3.5714285714285716,25.0
190,202682,Derrick,Williams,23,F,1610612752,New York Knicks,NYK,NewYork,41,10,2.76242995262146,11,9,4,1.100000023841858,219,6,0.24390243902439024,0.2682926829268293,0.21951219512195122,0.0975609756097561,0.12195121951219512,5,44.44444444444444,50.0,10.0,0.0,10.0,0.0,50.0
191,201956,Omri,Casspi,18,F,1610612758,Sacramento Kings,SAC,Sacramento,35,16,3.8740899562835693,11,10,5,0.6875,70,154,0.45714285714285713,0.3142857142857143,0.2857142857142857,0.14285714285714285,0.14285714285714285,5,50.0,55.0,0.0,37.5,0.0,0.0,31.25
192,201949,James,Johnson,3,F,1610612761,Toronto Raptors,TOR,Toronto,32,8,4.597700119018555,10,6,5,1.25,0,0,0.25,0.3125,0.1875,0.15625,0.03125,1,83.33333333333333,83.33333333333333,0.0,25.0,0.0,0.0,62.5
193,201583,Ryan,Anderson,33,F,1610612740,New Orleans Pelicans,NOP,NewOrleans,39,10,1.5456000566482544,10,6,3,1.0,209,14,0.2564102564102564,0.2564102564102564,0.15384615384615385,0.07692307692307693,0.07692307692307693,3,50.0,66.66666666666667,10.0,30.0,10.0,0.0,40.0
194,203900,Markel,Brown,22,G,1610612751,Brooklyn Nets,BKN,Brooklyn,25,12,12.371100425720215,10,8,4,0.8333330154418945,147,78,0.48,0.4,0.32,0.16,0.16,4,50.0,56.25,8.333333333333334,25.0,8.333333333333334,0.0,41.666666666666664
195,203924,Jerami,Grant,39,F,1610612755,Philadelphia 76ers,PHI,Philadelphia,41,14,3.3980600833892822,10,7,3,0.7142860293388367,85,140,0.34146341463414637,0.24390243902439024,0.17073170731707318,0.07317073170731707,0.09756097560975611,4,42.857142857142854,42.857142857142854,21.428571428571427,35.714285714285715,21.428571428571427,7.142857142857143,35.714285714285715
196,203944,Julius,Randle,30,F,1610612747,Los Angeles Lakers,LAL,LALakers,42,15,2.6690399646759033,10,11,5,0.6666669845581055,62,162,0.35714285714285715,0.23809523809523808,0.2619047619047619,0.11904761904761904,0.14285714285714288,6,45.45454545454545,45.45454545454545,0.0,26.666666666666668,0.0,0.0,33.333333333333336
197,203953,Jabari,Parker,12,F,1610612749,Milwaukee Bucks,MIL,Milwaukee,38,17,3.744489908218384,10,16,4,0.5882350206375122,38,187,0.4473684210526316,0.2631578947368421,0.42105263157894735,0.10526315789473684,0.3157894736842105,12,25.0,25.0,5.882352941176471,0.0,5.882352941176471,0.0,29.41176470588235
198,2210,Richard,Jefferson,24,F,1610612739,Cleveland Cavaliers,CLE,Cleveland,36,13,5.7522101402282715,9,11,4,0.6923080086708069,75,149,0.3611111111111111,0.25,0.3055555555555556,0.1111111111111111,0.19444444444444448,7,36.36363636363637,40.90909090909091,0.0,15.384615384615385,0.0,0.0,30.76923076923077
199,1626178,Rondae,Hollis-Jefferson,24,F,1610612751,Brooklyn Nets,BKN,Brooklyn,18,13,11.206899642944336,9,8,4,0.6923080086708069,75,149,0.7222222222222222,0.5,0.4444444444444444,0.2222222222222222,0.2222222222222222,4,50.0,50.0,15.384615384615385,23.076923076923077,7.6923076923076925,0.0,38.46153846153846
200,203893,Russ,Smith,2,G,1610612763,Memphis Grizzlies,MEM,Memphis,14,18,52.941200256347656,9,13,3,0.5,26,198,1.2857142857142858,0.6428571428571429,0.9285714285714286,0.21428571428571427,0.7142857142857143,10,23.076923076923077,23.076923076923077,16.666666666666668,16.666666666666668,11.11111111111111,5.555555555555555,22.22222222222222
201,2738,Andre,Iguodala,9,G-F,1610612744,Golden State Warriors,GSW,GoldenState,42,21,6.7741899490356445,9,18,4,0.4285709857940674,15,208,0.5,0.21428571428571427,0.42857142857142855,0.09523809523809523,0.3333333333333333,14,22.22222222222222,25.0,0.0,14.285714285714286,0.0,0.0,19.047619047619047
202,203099,Jared,Cunningham,9,G,1610612739,Cleveland Cavaliers,CLE,Cleveland,22,26,20.472400665283203,9,14,2,0.34615400433540344,11,214,1.1818181818181819,0.4090909090909091,0.6363636363636364,0.09090909090909091,0.5454545454545454,12,14.285714285714286,14.285714285714286,15.384615384615385,30.76923076923077,11.538461538461538,0.0,23.076923076923077
203,203482,Kelly,Olynyk,41,C,1610612738,Boston Celtics,BOS,Boston,41,5,1.1961699724197388,8,5,3,1.600000023841858,0,0,0.12195121951219512,0.1951219512195122,0.12195121951219512,0.07317073170731707,0.04878048780487805,2,60.0,80.0,0.0,0.0,0.0,0.0,60.0
204,202326,DeMarcus,Cousins,15,C,1610612758,Sacramento Kings,SAC,Sacramento,32,6,0.679502010345459,8,6,4,1.3333300352096558,0,0,0.1875,0.25,0.1875,0.125,0.0625,2,66.66666666666667,66.66666666666667,0.0,0.0,0.0,0.0,66.66666666666667
205,1626173,Rashad,Vaughn,20,G,1610612749,Milwaukee Bucks,MIL,Milwaukee,34,10,8.333330154418945,8,8,3,0.800000011920929,131,91,0.29411764705882354,0.23529411764705882,0.23529411764705882,0.08823529411764706,0.14705882352941174,5,37.5,37.5,10.0,10.0,10.0,0.0,40.0
206,202407,Elijah,Millsap,13,G,1610612762,Utah Jazz,UTA,Utah,17,11,18.644100189208984,8,6,1,0.7272729873657227,93,129,0.6470588235294118,0.47058823529411764,0.35294117647058826,0.058823529411764705,0.29411764705882354,5,16.666666666666668,16.666666666666668,27.272727272727273,18.181818181818183,9.090909090909092,0.0,36.36363636363637
207,200794,Paul,Millsap,4,F,1610612737,Atlanta Hawks,ATL,Atlanta,42,11,1.4473700523376465,8,7,3,0.7272729873657227,93,129,0.2619047619047619,0.19047619047619047,0.16666666666666666,0.07142857142857142,0.09523809523809523,4,42.857142857142854,42.857142857142854,9.090909090909092,27.272727272727273,9.090909090909092,0.0,36.36363636363637
208,2419,Tayshaun,Prince,12,F,1610612750,Minnesota Timberwolves,MIN,Minnesota,42,11,7.0512800216674805,8,6,4,0.7272729873657227,93,129,0.2619047619047619,0.19047619047619047,0.14285714285714285,0.09523809523809523,0.047619047619047616,2,66.66666666666667,66.66666666666667,0.0,45.45454545454545,0.0,0.0,36.36363636363637
209,203960,JaKarr,Sampson,9,F,1610612755,Philadelphia 76ers,PHI,Philadelphia,42,16,5.693950176239014,8,8,1,0.5,26,198,0.38095238095238093,0.19047619047619047,0.19047619047619047,0.023809523809523808,0.16666666666666666,7,12.5,12.5,25.0,25.0,18.75,0.0,31.25
210,1626145,Tyus,Jones,1,G,1610612750,Minnesota Timberwolves,MIN,Minnesota,9,19,46.34149932861328,8,13,4,0.4210529923439026,14,211,2.111111111111111,0.8888888888888888,1.4444444444444444,0.4444444444444444,1.0,9,30.76923076923077,30.76923076923077,0.0,31.57894736842105,0.0,0.0,21.05263157894737
211,203090,Maurice ,Harkless,4,F,1610612757,Portland Trail Blazers,POR,Portland,44,20,7.8125,8,16,4,0.4000000059604645,12,213,0.45454545454545453,0.18181818181818182,0.36363636363636365,0.09090909090909091,0.2727272727272727,12,25.0,25.0,0.0,20.0,0.0,0.0,20.0
212,1626179,Terry,Rozier III,12,G,1610612738,Boston Celtics,BOS,Boston,16,24,44.444400787353516,8,21,4,0.33333298563957214,9,215,1.5,0.5,1.3125,0.25,1.0625,17,19.047619047619047,19.047619047619047,0.0,12.5,0.0,0.0,16.666666666666668
213,203088,Kendall,Marshall,5,G,1610612755,Philadelphia 76ers,PHI,Philadelphia,11,33,42.307701110839844,8,17,3,0.24242399632930756,1,224,3.0,0.7272727272727273,1.5454545454545454,0.2727272727272727,1.2727272727272727,14,17.647058823529413,17.647058823529413,3.0303030303030303,45.45454545454545,3.0303030303030303,0.0,12.121212121212121
214,202325,Wesley,Johnson,33,F,1610612746,Los Angeles Clippers,LAC,LAClippers,39,5,1.908400058746338,7,5,3,1.399999976158142,0,0,0.1282051282051282,0.1794871794871795,0.1282051282051282,0.07692307692307693,0.051282051282051266,2,60.0,60.0,20.0,0.0,20.0,20.0,60.0
215,1626147,Justin,Anderson,1,G,1610612742,Dallas Mavericks,DAL,Dallas,18,10,14.492799758911133,7,6,3,0.699999988079071,79,145,0.5555555555555556,0.3888888888888889,0.3333333333333333,0.16666666666666666,0.16666666666666666,3,50.0,58.333333333333336,0.0,40.0,0.0,0.0,30.0
216,1626196,Josh,Richardson,0,G,1610612748,Miami Heat,MIA,Miami,18,11,22.0,7,5,3,0.6363639831542969,48,176,0.6111111111111112,0.3888888888888889,0.2777777777777778,0.16666666666666666,0.11111111111111113,2,60.0,60.0,18.181818181818183,27.272727272727273,27.272727272727273,0.0,36.36363636363637
217,201603,Sonny,Weems,10,F,1610612756,Phoenix Suns,PHX,Phoenix,21,16,24.615400314331055,7,5,3,0.4375,19,206,0.7619047619047619,0.3333333333333333,0.23809523809523808,0.14285714285714285,0.09523809523809523,2,60.0,60.0,12.5,56.25,6.25,0.0,25.0
218,202703,Nikola,Mirotic,44,F,1610612741,Chicago Bulls,CHI,Chicago,40,21,4.525859832763672,7,12,2,0.33333298563957214,9,215,0.525,0.175,0.3,0.05,0.25,10,16.666666666666668,25.0,4.761904761904762,38.095238095238095,0.0,0.0,14.285714285714286
219,203496,Robert,Covington,33,F,1610612755,Philadelphia 76ers,PHI,Philadelphia,34,28,6.422019958496094,7,13,3,0.25,2,222,0.8235294117647058,0.20588235294117646,0.38235294117647056,0.08823529411764706,0.2941176470588235,10,23.076923076923077,26.923076923076923,0.0,53.57142857142857,0.0,0.0,10.714285714285714
220,2547,Chris,Bosh,1,C-F,1610612748,Miami Heat,MIA,Miami,42,7,0.9370819926261902,6,5,1,0.857142984867096,0,0,0.16666666666666666,0.14285714285714285,0.11904761904761904,0.023809523809523808,0.09523809523809523,4,20.0,20.0,28.571428571428573,0.0,28.571428571428573,0.0,42.857142857142854
221,1717,Dirk,Nowitzki,41,F,1610612742,Dallas Mavericks,DAL,Dallas,40,7,1.0370399951934814,6,7,3,0.857142984867096,0,0,0.175,0.15,0.175,0.075,0.09999999999999999,4,42.857142857142854,42.857142857142854,0.0,0.0,0.0,0.0,42.857142857142854
222,203200,Justin,Holiday,7,G,1610612737,Atlanta Hawks,ATL,Atlanta,22,7,7.954549789428711,6,3,2,0.857142984867096,0,0,0.3181818181818182,0.2727272727272727,0.13636363636363635,0.09090909090909091,0.04545454545454544,1,66.66666666666667,66.66666666666667,28.571428571428573,28.571428571428573,28.571428571428573,0.0,57.142857142857146
223,2440,Matt,Barnes,22,F,1610612763,Memphis Grizzlies,MEM,Memphis,40,9,2.356019973754883,6,6,3,0.6666669845581055,0,0,0.225,0.15,0.15,0.075,0.075,3,50.0,50.0,0.0,33.333333333333336,0.0,0.0,33.333333333333336
224,203492,Ray,McCallum,3,G,1610612759,San Antonio Spurs,SAS,SanAntonio,12,9,21.428600311279297,6,7,3,0.6666669845581055,0,0,0.75,0.5,0.5833333333333334,0.25,0.33333333333333337,4,42.857142857142854,42.857142857142854,0.0,22.22222222222222,0.0,0.0,33.333333333333336
225,2756,Sasha,Vujacic,18,G,1610612752,New York Knicks,NYK,NewYork,25,10,8.0,6,7,2,0.6000000238418579,41,183,0.4,0.24,0.28,0.08,0.2,5,28.571428571428573,28.571428571428573,10.0,20.0,10.0,0.0,30.0
226,204001,Kristaps,Porzingis,6,F,1610612752,New York Knicks,NYK,NewYork,43,11,1.687119960784912,6,9,2,0.5454549789428711,32,193,0.2558139534883721,0.13953488372093023,0.20930232558139536,0.046511627906976744,0.16279069767441862,7,22.22222222222222,22.22222222222222,9.090909090909092,9.090909090909092,9.090909090909092,0.0,27.272727272727273
227,1626162,Kelly,Oubre Jr.,12,F,1610612764,Washington Wizards,WAS,Washington,27,14,8.333330154418945,6,12,3,0.4285709857940674,15,208,0.5185185185185185,0.2222222222222222,0.4444444444444444,0.1111111111111111,0.3333333333333333,9,25.0,25.0,0.0,14.285714285714286,0.0,0.0,21.428571428571427
228,201147,Corey,Brewer,33,F,1610612745,Houston Rockets,HOU,Houston,43,19,5.337080001831055,6,10,3,0.31578901410102844,8,217,0.4418604651162791,0.13953488372093023,0.23255813953488372,0.06976744186046512,0.16279069767441862,7,30.0,30.0,0.0,47.36842105263158,0.0,0.0,15.789473684210526
229,203798,PJ,Hairston,19,G-F,1610612766,Charlotte Hornets,CHA,Charlotte,37,21,8.333330154418945,6,19,3,0.2857140004634857,6,219,0.5675675675675675,0.16216216216216217,0.5135135135135135,0.08108108108108109,0.4324324324324324,16,15.789473684210526,15.789473684210526,0.0,9.523809523809524,0.0,0.0,14.285714285714286
230,1626242,Luis,Montero,44,G,1610612757,Portland Trail Blazers,POR,Portland,7,2,12.5,5,2,2,2.5,0,0,0.2857142857142857,0.7142857142857143,0.2857142857142857,0.2857142857142857,0.0,0,100.0,125.0,0.0,0.0,0.0,0.0,100.0
231,2746,Josh,Smith,5,F,1610612746,Los Angeles Clippers,LAC,LAClippers,32,4,1.6528899669647217,5,3,2,1.25,0,0,0.125,0.15625,0.09375,0.0625,0.03125,1,66.66666666666667,83.33333333333333,0.0,25.0,0.0,0.0,50.0
232,203501,Tim,Hardaway Jr.,10,G,1610612737,Atlanta Hawks,ATL,Atlanta,11,6,12.765999794006348,5,5,2,0.8333330154418945,0,0,0.5454545454545454,0.45454545454545453,0.45454545454545453,0.18181818181818182,0.2727272727272727,3,40.0,50.0,0.0,16.666666666666668,0.0,0.0,33.333333333333336
233,201575,Brandon,Rush,4,G-F,1610612744,Golden State Warriors,GSW,GoldenState,33,7,4.046239852905273,5,5,2,0.7142860293388367,0,0,0.21212121212121213,0.15151515151515152,0.15151515151515152,0.06060606060606061,0.09090909090909091,3,40.0,50.0,0.0,28.571428571428573,0.0,0.0,28.571428571428573
234,203187,Christapher,Johnson,23,F,1610612762,Utah Jazz,UTA,Utah,26,9,8.035710334777832,5,8,2,0.5555559992790222,0,0,0.34615384615384615,0.19230769230769232,0.3076923076923077,0.07692307692307693,0.23076923076923078,6,25.0,31.25,0.0,11.11111111111111,0.0,0.0,22.22222222222222
235,1626157,Karl-Anthony,Towns,32,C,1610612750,Minnesota Timberwolves,MIN,Minnesota,43,2,0.29629600048065186,4,2,2,2.0,0,0,0.046511627906976744,0.09302325581395349,0.046511627906976744,0.046511627906976744,0.0,0,100.0,100.0,0.0,0.0,0.0,0.0,100.0
236,2449,Luis,Scola,4,F,1610612761,Toronto Raptors,TOR,Toronto,41,2,0.4608289897441864,4,1,1,2.0,0,0,0.04878048780487805,0.0975609756097561,0.024390243902439025,0.024390243902439025,0.0,0,100.0,100.0,50.0,0.0,50.0,0.0,100.0
237,203508,Sergey,Karasev,10,G-F,1610612751,Brooklyn Nets,BKN,Brooklyn,15,5,22.7273006439209,4,2,2,0.800000011920929,0,0,0.3333333333333333,0.26666666666666666,0.13333333333333333,0.13333333333333333,0.0,0,100.0,100.0,0.0,60.0,0.0,0.0,40.0
238,202693,Markieff,Morris,11,F,1610612756,Phoenix Suns,PHX,Phoenix,29,7,1.8087899684906006,4,6,2,0.5714290142059326,0,0,0.2413793103448276,0.13793103448275862,0.20689655172413793,0.06896551724137931,0.13793103448275862,4,33.333333333333336,33.333333333333336,0.0,14.285714285714286,0.0,0.0,28.571428571428573
239,101107,Marvin ,Williams,2,F,1610612766,Charlotte Hornets,CHA,Charlotte,41,7,1.818179965019226,4,4,2,0.5714290142059326,0,0,0.17073170731707318,0.0975609756097561,0.0975609756097561,0.04878048780487805,0.04878048780487805,2,50.0,50.0,0.0,42.857142857142854,0.0,0.0,28.571428571428573
240,203524,Solomon,Hill,44,F,1610612754,Indiana Pacers,IND,Indiana,17,7,9.722220420837402,4,6,2,0.5714290142059326,0,0,0.4117647058823529,0.23529411764705882,0.35294117647058826,0.11764705882352941,0.23529411764705885,4,33.333333333333336,33.333333333333336,0.0,14.285714285714286,0.0,0.0,28.571428571428573
241,203093,Terrence,Jones,6,F,1610612745,Houston Rockets,HOU,Houston,37,8,2.0512800216674805,4,8,2,0.5,0,0,0.21621621621621623,0.10810810810810811,0.21621621621621623,0.05405405405405406,0.16216216216216217,6,25.0,25.0,0.0,0.0,0.0,0.0,25.0
242,1626181,Norman,Powell,24,G,1610612761,Toronto Raptors,TOR,Toronto,14,8,21.621599197387695,4,8,2,0.5,0,0,0.5714285714285714,0.2857142857142857,0.5714285714285714,0.14285714285714285,0.42857142857142855,6,25.0,25.0,12.5,0.0,12.5,12.5,25.0
243,1626154,RJ,Hunter,28,G,1610612738,Boston Celtics,BOS,Boston,21,8,9.756099700927734,4,6,2,0.5,0,0,0.38095238095238093,0.19047619047619047,0.2857142857142857,0.09523809523809523,0.19047619047619047,4,33.333333333333336,33.333333333333336,0.0,25.0,0.0,0.0,25.0
244,200782,PJ,Tucker,17,F,1610612756,Phoenix Suns,PHX,Phoenix,43,13,3.903899908065796,4,11,2,0.3076919913291931,7,218,0.3023255813953488,0.09302325581395349,0.2558139534883721,0.046511627906976744,0.20930232558139536,9,18.181818181818183,18.181818181818183,0.0,15.384615384615385,0.0,0.0,15.384615384615385
245,201980,Danny,Green,14,G-F,1610612759,San Antonio Spurs,SAS,SanAntonio,42,15,4.2016801834106445,4,10,2,0.2666670083999634,4,221,0.35714285714285715,0.09523809523809523,0.23809523809523808,0.047619047619047616,0.19047619047619047,8,20.0,20.0,0.0,33.333333333333336,0.0,0.0,13.333333333333334
246,1626199,Darrun,Hilliard,6,F,1610612765,Detroit Pistons,DET,Detroit,12,16,35.555599212646484,4,15,2,0.25,2,222,1.3333333333333333,0.3333333333333333,1.25,0.16666666666666666,1.0833333333333333,13,13.333333333333334,13.333333333333334,0.0,6.25,0.0,0.0,12.5
247,2034,Mike,Miller,3,G-F,1610612743,Denver Nuggets,DEN,Denver,21,1,1.8518500328063965,3,1,1,3.0,0,0,0.047619047619047616,0.14285714285714285,0.047619047619047616,0.047619047619047616,0.0,0,100.0,150.0,0.0,0.0,0.0,0.0,100.0
248,101141,Ersan,Ilyasova,23,F,1610612765,Detroit Pistons,DET,Detroit,41,2,0.42194101214408875,3,2,1,1.5,0,0,0.04878048780487805,0.07317073170731707,0.04878048780487805,0.024390243902439025,0.024390243902439025,1,50.0,75.0,0.0,0.0,0.0,0.0,50.0
249,202337,Luke,Babbitt,8,F,1610612740,New Orleans Pelicans,NOP,NewOrleans,18,4,4.81928014755249,3,3,1,0.75,0,0,0.2222222222222222,0.16666666666666666,0.16666666666666666,0.05555555555555555,0.1111111111111111,2,33.333333333333336,50.0,0.0,25.0,0.0,0.0,25.0
250,202343,Elliot,Williams,25,G,1610612763,Memphis Grizzlies,MEM,Memphis,5,4,28.571399688720703,3,3,1,0.75,0,0,0.8,0.6,0.6,0.2,0.39999999999999997,2,33.333333333333336,50.0,0.0,25.0,0.0,0.0,25.0
251,202341,James,Anderson,5,G,1610612758,Sacramento Kings,SAC,Sacramento,14,7,10.769200325012207,3,4,1,0.4285709857940674,0,0,0.5,0.21428571428571427,0.2857142857142857,0.07142857142857142,0.21428571428571427,3,25.0,37.5,0.0,42.857142857142854,0.0,0.0,14.285714285714286
252,203934,Lamar,Patterson,13,G-F,1610612737,Atlanta Hawks,ATL,Atlanta,26,9,8.910889625549316,3,4,1,0.33333298563957214,0,0,0.34615384615384615,0.11538461538461539,0.15384615384615385,0.038461538461538464,0.11538461538461539,3,25.0,37.5,0.0,55.55555555555556,0.0,0.0,11.11111111111111
253,203922,Glenn,Robinson,40,G-F,1610612754,Indiana Pacers,IND,Indiana,24,11,9.821430206298828,3,9,1,0.27272701263427734,5,220,0.4583333333333333,0.125,0.375,0.041666666666666664,0.3333333333333333,8,11.11111111111111,11.11111111111111,9.090909090909092,9.090909090909092,9.090909090909092,0.0,18.181818181818183
254,203943,Noah,Vonleh,21,F,1610612757,Portland Trail Blazers,POR,Portland,44,1,0.537634015083313,2,1,1,2.0,0,0,0.022727272727272728,0.045454545454545456,0.022727272727272728,0.022727272727272728,0.0,0,100.0,100.0,0.0,0.0,0.0,0.0,100.0
255,2406,Caron,Butler,31,F,1610612758,Sacramento Kings,SAC,Sacramento,8,1,3.703700065612793,2,1,1,2.0,0,0,0.125,0.25,0.125,0.125,0.0,0,100.0,100.0,0.0,0.0,0.0,0.0,100.0
256,201168,Tiago,Splitter,11,C,1610612737,Atlanta Hawks,ATL,Atlanta,29,1,0.5988019704818726,2,1,1,2.0,0,0,0.034482758620689655,0.06896551724137931,0.034482758620689655,0.034482758620689655,0.0,0,100.0,100.0,0.0,0.0,0.0,0.0,100.0
257,201177,Josh,McRoberts,4,F,1610612748,Miami Heat,MIA,Miami,19,1,1.1363600492477417,2,0,0,2.0,0,0,0.05263157894736842,0.10526315789473684,0.0,0.0,0.0,0,0.0,0.0,100.0,0.0,100.0,0.0,100.0
258,203999,Nikola,Jokic,15,C-F,1610612743,Denver Nuggets,DEN,Denver,39,1,0.29154500365257263,2,1,1,2.0,0,0,0.02564102564102564,0.05128205128205128,0.02564102564102564,0.02564102564102564,0.0,0,100.0,100.0,0.0,0.0,0.0,0.0,100.0
259,1626143,Jahil,Okafor,8,C,1610612755,Philadelphia 76ers,PHI,Philadelphia,39,1,0.13477100431919098,2,1,1,2.0,0,0,0.02564102564102564,0.05128205128205128,0.02564102564102564,0.02564102564102564,0.0,0,100.0,100.0,0.0,0.0,0.0,0.0,100.0
260,203939,Dwight ,Powell,7,F,1610612742,Dallas Mavericks,DAL,Dallas,41,1,0.3278689980506897,2,1,1,2.0,0,0,0.024390243902439025,0.04878048780487805,0.024390243902439025,0.024390243902439025,0.0,0,100.0,100.0,0.0,0.0,0.0,0.0,100.0
261,201967,Dante,Cunningham,44,F,1610612740,New Orleans Pelicans,NOP,NewOrleans,38,2,1.117319941520691,2,2,1,1.0,0,0,0.05263157894736842,0.05263157894736842,0.05263157894736842,0.02631578947368421,0.02631578947368421,1,50.0,50.0,0.0,0.0,0.0,0.0,50.0
262,203919,Jordan,Adams,3,G,1610612763,Memphis Grizzlies,MEM,Memphis,2,2,20.0,2,1,1,1.0,0,0,1.0,1.0,0.5,0.5,0.0,0,100.0,100.0,0.0,50.0,0.0,0.0,50.0
263,203955,Bryce,Cotton,8,G,1610612756,Phoenix Suns,PHX,Phoenix,2,3,23.076900482177734,2,2,1,0.6666669845581055,0,0,1.5,1.0,1.0,0.5,0.5,1,50.0,50.0,0.0,33.333333333333336,0.0,0.0,33.333333333333336
264,202087,Alonzo,Gee,15,F,1610612740,New Orleans Pelicans,NOP,NewOrleans,39,4,2.409640073776245,2,3,1,0.5,0,0,0.10256410256410256,0.05128205128205128,0.07692307692307693,0.02564102564102564,0.05128205128205129,2,33.333333333333336,33.333333333333336,0.0,25.0,0.0,0.0,25.0
265,1718,Paul,Pierce,34,F-G,1610612746,Los Angeles Clippers,LAC,LAClippers,38,4,1.6064300537109375,2,2,0,0.5,0,0,0.10526315789473684,0.05263157894736842,0.05263157894736842,0.0,0.05263157894736842,2,0.0,0.0,25.0,25.0,25.0,0.0,25.0
266,1626163,Frank,Kaminsky,44,C,1610612766,Charlotte Hornets,CHA,Charlotte,39,4,1.2121200561523438,2,2,0,0.5,0,0,0.10256410256410256,0.05128205128205128,0.05128205128205128,0.0,0.05128205128205128,2,0.0,0.0,25.0,25.0,25.0,0.0,25.0
267,201973,Jonas,Jerebko,8,F,1610612738,Boston Celtics,BOS,Boston,39,4,2.3809499740600586,2,2,0,0.5,0,0,0.10256410256410256,0.05128205128205128,0.05128205128205128,0.0,0.05128205128205128,2,0.0,0.0,25.0,25.0,0.0,0.0,25.0
268,203909,KJ,McDaniels,32,F,1610612745,Houston Rockets,HOU,Houston,9,4,12.903200149536133,2,2,1,0.5,0,0,0.4444444444444444,0.2222222222222222,0.2222222222222222,0.1111111111111111,0.1111111111111111,1,50.0,50.0,0.0,50.0,0.0,0.0,25.0
269,202324,Derrick,Favors,15,F-C,1610612762,Utah Jazz,UTA,Utah,26,4,0.9345790147781372,2,3,0,0.5,0,0,0.15384615384615385,0.07692307692307693,0.11538461538461539,0.0,0.11538461538461539,3,0.0,0.0,25.0,0.0,25.0,0.0,25.0
270,201627,Anthony,Morrow,2,G,1610612760,Oklahoma City Thunder,OKC,OklahomaCity,37,5,2.3696699142456055,2,4,1,0.4000000059604645,0,0,0.13513513513513514,0.05405405405405406,0.10810810810810811,0.02702702702702703,0.08108108108108109,3,25.0,25.0,0.0,20.0,0.0,0.0,20.0
271,1626148,Anthony,Brown,3,F,1610612747,Los Angeles Lakers,LAL,LALakers,16,5,6.097559928894043,2,5,1,0.4000000059604645,0,0,0.3125,0.125,0.3125,0.0625,0.25,4,20.0,20.0,0.0,0.0,0.0,0.0,20.0
272,203485,Lorenzo,Brown,41,G,1610612756,Phoenix Suns,PHX,Phoenix,4,6,25.0,2,5,1,0.33333298563957214,0,0,1.5,0.5,1.25,0.25,1.0,4,20.0,20.0,0.0,16.666666666666668,0.0,0.0,16.666666666666668
273,1626153,Delon,Wright,55,G,1610612761,Toronto Raptors,TOR,Toronto,7,7,70.0,2,6,1,0.2857140004634857,0,0,1.0,0.2857142857142857,0.8571428571428571,0.14285714285714285,0.7142857142857142,5,16.666666666666668,16.666666666666668,0.0,14.285714285714286,0.0,0.0,14.285714285714286
274,201228,CJ,Watson,32,G,1610612753,Orlando Magic,ORL,Orlando,8,8,17.021299362182617,2,7,1,0.25,0,0,1.0,0.25,0.875,0.125,0.75,6,14.285714285714286,14.285714285714286,0.0,12.5,0.0,0.0,12.5
275,203584,Troy,Daniels,30,G,1610612766,Charlotte Hornets,CHA,Charlotte,17,8,12.903200149536133,2,8,1,0.25,0,0,0.47058823529411764,0.11764705882352941,0.47058823529411764,0.058823529411764705,0.4117647058823529,7,12.5,12.5,0.0,0.0,0.0,0.0,12.5
276,202713,Kyle,Singler,5,G,1610612760,Oklahoma City Thunder,OKC,OklahomaCity,29,1,0.9090909957885742,1,0,0,1.0,0,0,0.034482758620689655,0.034482758620689655,0.0,0.0,0.0,0,0.0,0.0,100.0,0.0,0.0,0.0,100.0
277,203118,Mike,Scott,32,F,1610612737,Atlanta Hawks,ATL,Atlanta,34,1,0.45045000314712524,1,0,0,1.0,0,0,0.029411764705882353,0.029411764705882353,0.0,0.0,0.0,0,0.0,0.0,100.0,0.0,100.0,0.0,100.0
278,201162,Jared,Dudley,1,G-F,1610612764,Washington Wizards,WAS,Washington,39,3,0.9803919792175293,1,1,0,0.33333298563957214,0,0,0.07692307692307693,0.02564102564102564,0.02564102564102564,0.0,0.02564102564102564,1,0.0,0.0,33.333333333333336,33.333333333333336,33.333333333333336,0.0,33.333333333333336
279,202690,Jimmer,Fredette,32,G,1610612740,New Orleans Pelicans,NOP,NewOrleans,3,1,20.0,0,1,0,0.0,0,0,0.3333333333333333,0.0,0.3333333333333333,0.0,0.3333333333333333,1,0.0,0.0,0.0,0.0,0.0,0.0,0.0
280,201188,Marc,Gasol,33,C,1610612763,Memphis Grizzlies,MEM,Memphis,43,1,0.1270650029182434,0,1,0,0.0,0,0,0.023255813953488372,0.0,0.023255813953488372,0.0,0.023255813953488372,1,0.0,0.0,0.0,0.0,0.0,0.0,0.0
281,1495,Tim,Duncan,21,F,1610612759,San Antonio Spurs,SAS,SanAntonio,36,1,0.2849000096321106,0,1,0,0.0,0,0,0.027777777777777776,0.0,0.027777777777777776,0.0,0.027777777777777776,1,0.0,0.0,0.0,0.0,0.0,0.0,0.0
282,200746,LaMarcus,Aldridge,12,C-F,1610612759,San Antonio Spurs,SAS,SanAntonio,39,1,0.15432099997997284,0,1,0,0.0,0,0,0.02564102564102564,0.0,0.02564102564102564,0.0,0.02564102564102564,1,0.0,0.0,0.0,0.0,0.0,0.0,0.0
283,200745,Andrea,Bargnani,9,F-C,1610612751,Brooklyn Nets,BKN,Brooklyn,36,1,0.37313398718833923,0,1,0,0.0,0,0,0.027777777777777776,0.0,0.027777777777777776,0.0,0.027777777777777776,1,0.0,0.0,0.0,0.0,0.0,0.0,0.0
284,2561,David,West,30,F,1610612759,San Antonio Spurs,SAS,SanAntonio,41,1,0.3787879943847656,0,1,0,0.0,0,0,0.024390243902439025,0.0,0.024390243902439025,0.0,0.024390243902439025,1,0.0,0.0,0.0,0.0,0.0,0.0,0.0
285,2400,Drew,Gooden,90,C-F,1610612764,Washington Wizards,WAS,Washington,12,1,1.4084500074386597,0,1,0,0.0,0,0,0.08333333333333333,0.0,0.08333333333333333,0.0,0.08333333333333333,1,0.0,0.0,0.0,0.0,0.0,0.0,0.0
286,1626204,Larry,Nance,7,F,1610612747,Los Angeles Lakers,LAL,LALakers,36,1,0.4608289897441864,0,0,0,0.0,0,0,0.027777777777777776,0.0,0.0,0.0,0.0,0,0.0,0.0,0.0,100.0,0.0,0.0,0.0
287,203951,Keith,Appling,15,G,1610612753,Orlando Magic,ORL,Orlando,1,1,25.0,0,1,0,0.0,0,0,1.0,0.0,1.0,0.0,1.0,1,0.0,0.0,0.0,0.0,0.0,0.0,0.0
288,2200,Pau,Gasol,16,F-C,1610612741,Chicago Bulls,CHI,Chicago,38,1,0.14727500081062317,0,1,0,0.0,0,0,0.02631578947368421,0.0,0.02631578947368421,0.0,0.02631578947368421,1,0.0,0.0,0.0,0.0,0.0,0.0,0.0
289,101106,Andrew ,Bogut,12,C,1610612744,Golden State Warriors,GSW,GoldenState,35,1,0.505050003528595,0,1,0,0.0,0,0,0.02857142857142857,0.0,0.02857142857142857,0.0,0.02857142857142857,1,0.0,0.0,0.0,0.0,0.0,0.0,0.0
290,201579,Roy,Hibbert,17,C,1610612747,Los Angeles Lakers,LAL,LALakers,43,1,0.2967360019683838,0,1,0,0.0,0,0,0.023255813953488372,0.0,0.023255813953488372,0.0,0.023255813953488372,1,0.0,0.0,0.0,0.0,0.0,0.0,0.0
291,203906,Devyn,Marble,11,G,1610612753,Orlando Magic,ORL,Orlando,3,1,14.285699844360352,0,1,0,0.0,0,0,0.3333333333333333,0.0,0.3333333333333333,0.0,0.3333333333333333,1,0.0,0.0,0.0,0.0,0.0,0.0,0.0
292,203092,Tyler,Zeller,44,C-F,1610612738,Boston Celtics,BOS,Boston,25,1,0.7874019742012024,0,1,0,0.0,0,0,0.04,0.0,0.04,0.0,0.04,1,0.0,0.0,0.0,0.0,0.0,0.0,0.0
293,203940,Adreian,Payne,33,F,1610612750,Minnesota Timberwolves,MIN,Minnesota,26,1,0.9615380167961121,0,1,0,0.0,0,0,0.038461538461538464,0.0,0.038461538461538464,0.0,0.038461538461538464,1,0.0,0.0,0.0,0.0,0.0,0.0,0.0
294,1626192,Pat,Connaughton,5,G,1610612757,Portland Trail Blazers,POR,Portland,12,1,4.347829818725586,0,1,0,0.0,0,0,0.08333333333333333,0.0,0.08333333333333333,0.0,0.08333333333333333,1,0.0,0.0,0.0,0.0,0.0,0.0,0.0
295,203076,Anthony,Davis,23,F-C,1610612740,New Orleans Pelicans,NOP,NewOrleans,36,1,0.12285000085830688,0,1,0,0.0,0,0,0.027777777777777776,0.0,0.027777777777777776,0.0,0.027777777777777776,1,0.0,0.0,0.0,0.0,0.0,0.0,0.0
296,202702,Kenneth,Faried,35,F,1610612743,Denver Nuggets,DEN,Denver,36,1,0.21977999806404114,0,1,0,0.0,0,0,0.027777777777777776,0.0,0.027777777777777776,0.0,0.027777777777777776,1,0.0,0.0,0.0,0.0,0.0,0.0,0.0
297,202328,Greg,Monroe,15,F-C,1610612749,Milwaukee Bucks,MIL,Milwaukee,42,1,0.1488099992275238,0,1,0,0.0,0,0,0.023809523809523808,0.0,0.023809523809523808,0.0,0.023809523809523808,1,0.0,0.0,0.0,0.0,0.0,0.0,0.0
298,203930,Sean,Kilpatrick,6,,1610612743,Denver Nuggets,DEN,Denver,2,1,14.285699844360352,0,0,0,0.0,0,0,0.5,0.0,0.0,0.0,0.0,0,0.0,0.0,0.0,100.0,0.0,0.0,0.0
299,201567,Kevin,Love,0,F-C,1610612739,Cleveland Cavaliers,CLE,Cleveland,39,1,0.15625,0,0,0,0.0,0,0,0.02564102564102564,0.0,0.0,0.0,0.0,0,0.0,0.0,0.0,100.0,0.0,0.0,0.0
300,203124,Kyle,O'Quinn,9,F,1610612752,New York Knicks,NYK,NewYork,32,1,0.531915009021759,0,1,0,0.0,0,0,0.03125,0.0,0.03125,0.0,0.03125,1,0.0,0.0,0.0,0.0,0.0,0.0,0.0
301,202344,Trevor ,Booker,33,F,1610612762,Utah Jazz,UTA,Utah,39,1,0.36101099848747253,0,1,0,0.0,0,0,0.02564102564102564,0.0,0.02564102564102564,0.0,0.02564102564102564,1,0.0,0.0,0.0,0.0,0.0,0.0,0.0
302,203512,Lucas,Nogueira,92,C,1610612761,Toronto Raptors,TOR,Toronto,10,1,3.448280096054077,0,1,0,0.0,0,0,0.1,0.0,0.1,0.0,0.1,1,0.0,0.0,0.0,0.0,0.0,0.0,0.0
303,202700,Donatas,Motiejunas,20,F-C,1610612745,Houston Rockets,HOU,Houston,14,1,1.0752700567245483,0,0,0,0.0,0,0,0.07142857142857142,0.0,0.0,0.0,0.0,0,0.0,0.0,0.0,100.0,0.0,0.0,0.0
304,101126,Nate,Robinson,2,G,1610612740,New Orleans Pelicans,NOP,NewOrleans,2,1,100.0,0,1,0,0.0,0,0,0.5,0.0,0.5,0.0,0.5,1,0.0,0.0,0.0,0.0,0.0,0.0,0.0
305,203086,Meyers,Leonard,11,C,1610612757,Portland Trail Blazers,POR,Portland,37,1,0.29239800572395325,0,1,0,0.0,0,0,0.02702702702702703,0.0,0.02702702702702703,0.0,0.02702702702702703,1,0.0,0.0,0.0,0.0,0.0,0.0,0.0
306,203923,James,Young,13,G-F,1610612738,Boston Celtics,BOS,Boston,13,1,3.125,0,0,0,0.0,0,0,0.07692307692307693,0.0,0.0,0.0,0.0,0,0.0,0.0,100.0,0.0,100.0,0.0,0.0
307,203516,James,Ennis,8,F,1610612763,Memphis Grizzlies,MEM,Memphis,5,1,6.666669845581055,0,1,0,0.0,0,0,0.2,0.0,0.2,0.0,0.2,1,0.0,0.0,0.0,0.0,0.0,0.0,0.0
308,201149,Joakim,Noah,13,C,1610612741,Chicago Bulls,CHI,Chicago,29,1,0.49261099100112915,0,0,0,0.0,0,0,0.034482758620689655,0.0,0.0,0.0,0.0,0,0.0,0.0,0.0,100.0,0.0,0.0,0.0
309,2743,Kris,Humphries,43,F,1610612764,Washington Wizards,WAS,Washington,27,1,0.5154640078544617,0,1,0,0.0,0,0,0.037037037037037035,0.0,0.037037037037037035,0.0,0.037037037037037035,1,0.0,0.0,0.0,0.0,0.0,0.0,0.0
310,203488,Mike,Muscala,31,C,1610612737,Atlanta Hawks,ATL,Atlanta,29,1,0.8403360247612,0,0,0,0.0,0,0,0.034482758620689655,0.0,0.0,0.0,0.0,0,0.0,0.0,0.0,100.0,0.0,0.0,0.0
311,2592,James,Jones,1,G-F,1610612739,Cleveland Cavaliers,CLE,Cleveland,25,2,1.754390001296997,0,1,0,0.0,0,0,0.08,0.0,0.04,0.0,0.04,1,0.0,0.0,0.0,50.0,0.0,0.0,0.0
312,201578,Marreese,Speights,5,F-C,1610612744,Golden State Warriors,GSW,GoldenState,32,2,0.8163269758224487,0,2,0,0.0,0,0,0.0625,0.0,0.0625,0.0,0.0625,2,0.0,0.0,0.0,0.0,0.0,0.0,0.0
313,202379,Jeremy,Evans,21,F,1610612742,Dallas Mavericks,DAL,Dallas,19,2,3.636359930038452,0,1,0,0.0,0,0,0.10526315789473684,0.0,0.05263157894736842,0.0,0.05263157894736842,1,0.0,0.0,0.0,50.0,0.0,0.0,0.0
314,203527,Ryan,Kelly,4,F,1610612747,Los Angeles Lakers,LAL,LALakers,14,2,2.3809499740600586,0,1,0,0.0,0,0,0.14285714285714285,0.0,0.07142857142857142,0.0,0.07142857142857142,1,0.0,0.0,0.0,50.0,0.0,0.0,0.0
315,202720,Jon,Leuer,30,F,1610612756,Phoenix Suns,PHX,Phoenix,41,2,0.5291010141372681,0,2,0,0.0,0,0,0.04878048780487805,0.0,0.04878048780487805,0.0,0.04878048780487805,2,0.0,0.0,0.0,0.0,0.0,0.0,0.0
316,203493,Reggie,Bullock,25,G,1610612765,Detroit Pistons,DET,Detroit,14,2,9.090909957885742,0,2,0,0.0,0,0,0.14285714285714285,0.0,0.14285714285714285,0.0,0.14285714285714285,2,0.0,0.0,0.0,0.0,0.0,0.0,0.0
317,1626168,Trey,Lyles,41,F,1610612762,Utah Jazz,UTA,Utah,37,2,0.9389669895172119,0,1,0,0.0,0,0,0.05405405405405406,0.0,0.02702702702702703,0.0,0.02702702702702703,1,0.0,0.0,50.0,0.0,50.0,0.0,0.0
318,202357,Nemanja,Bjelica,88,F,1610612750,Minnesota Timberwolves,MIN,Minnesota,35,2,1.092900037765503,0,2,0,0.0,0,0,0.05714285714285714,0.0,0.05714285714285714,0.0,0.05714285714285714,2,0.0,0.0,0.0,0.0,0.0,0.0,0.0
319,203460,Andre,Roberson,21,G-F,1610612760,Oklahoma City Thunder,OKC,OklahomaCity,42,3,1.3574700355529785,0,2,0,0.0,0,0,0.07142857142857142,0.0,0.047619047619047616,0.0,0.047619047619047616,2,0.0,0.0,0.0,33.333333333333336,0.0,0.0,0.0
320,2564,Boris,Diaw,33,C-F,1610612759,San Antonio Spurs,SAS,SanAntonio,42,3,0.970874011516571,0,1,0,0.0,0,0,0.07142857142857142,0.0,0.023809523809523808,0.0,0.023809523809523808,1,0.0,0.0,0.0,66.66666666666667,0.0,0.0,0.0
321,101135,David,Lee,42,C-F,1610612738,Boston Celtics,BOS,Boston,30,3,1.185770034790039,0,2,0,0.0,0,0,0.1,0.0,0.06666666666666667,0.0,0.06666666666666667,2,0.0,0.0,0.0,33.333333333333336,0.0,0.0,0.0
322,203141,Mirza,Teletovic,35,F,1610612756,Phoenix Suns,PHX,Phoenix,41,3,0.7518799901008606,0,2,0,0.0,0,0,0.07317073170731707,0.0,0.04878048780487805,0.0,0.04878048780487805,2,0.0,0.0,0.0,33.333333333333336,0.0,0.0,0.0
323,2446,Rasual,Butler,18,G-F,1610612759,San Antonio Spurs,SAS,SanAntonio,22,3,4.411759853363037,0,3,0,0.0,0,0,0.13636363636363635,0.0,0.13636363636363635,0.0,0.13636363636363635,3,0.0,0.0,0.0,0.0,0.0,0.0,0.0
324,201601,Luc,Mbah a Moute,12,F,1610612746,Los Angeles Clippers,LAC,LAClippers,31,4,3.200000047683716,0,4,0,0.0,0,0,0.12903225806451613,0.0,0.12903225806451613,0.0,0.12903225806451613,4,0.0,0.0,0.0,0.0,0.0,0.0,0.0
325,202696,Nikola,Vucevic,9,C,1610612753,Orlando Magic,ORL,Orlando,37,5,0.7763980031013489,0,3,0,0.0,0,0,0.13513513513513514,0.0,0.08108108108108109,0.0,0.08108108108108109,3,0.0,0.0,0.0,40.0,0.0,0.0,0.0
326,203123,Kostas,Papanikolaou,16,F,1610612743,Denver Nuggets,DEN,Denver,22,13,13.978500366210938,0,9,0,0.0,0,225,0.5909090909090909,0.0,0.4090909090909091,0.0,0.4090909090909091,9,0.0,0.0,0.0,30.76923076923077,0.0,0.0,0.0
